<?xml version = '1.0' encoding = 'UTF-8'?>
<InheritanceRelation class="oracle.dbtools.crest.model.design.logical.InheritanceRelation" name="Hierarchy_1" directorySegmentName="seg_0" id="15CCFA2B-6148-2743-4B89-8CF80E9A855B">
<createdBy>golyt</createdBy>
<createdTime>2020-04-03 15:06:34 UTC</createdTime>
<ownerDesignName>concept1</ownerDesignName>
<engineerTo>
<item key="DF532354-0C09-0A27-80E3-6CEF5CCCFAB6" value="true"/>
</engineerTo>
<identifying>false</identifying>
<nameOnSource>Super Type</nameOnSource>
<nameOnTarget>Sub Type</nameOnTarget>
<optionalSource>true</optionalSource>
<optionalTarget>true</optionalTarget>
<sourceEntity>8947B0B4-5B56-8825-4788-ADF0C7E9E92B</sourceEntity>
<targetEntity>A01BA2A8-CF51-84D5-F229-00E417C26819</targetEntity>
<transferable>true</transferable>
<deleteRule>NO ACTION</deleteRule>
</InheritanceRelation>