<?xml version = '1.0' encoding = 'UTF-8'?>
<InheritanceRelation class="oracle.dbtools.crest.model.design.logical.InheritanceRelation" name="Hierarchy_2" directorySegmentName="seg_0" id="F5B31AC6-9744-FDEE-EA98-B851D02E13E1">
<createdBy>golyt</createdBy>
<createdTime>2020-04-03 15:06:53 UTC</createdTime>
<ownerDesignName>concept1</ownerDesignName>
<engineerTo>
<item key="DF532354-0C09-0A27-80E3-6CEF5CCCFAB6" value="true"/>
</engineerTo>
<identifying>false</identifying>
<nameOnSource>Super Type</nameOnSource>
<nameOnTarget>Sub Type</nameOnTarget>
<optionalSource>true</optionalSource>
<optionalTarget>true</optionalTarget>
<sourceEntity>8947B0B4-5B56-8825-4788-ADF0C7E9E92B</sourceEntity>
<targetEntity>85F3AE7D-03AC-0EE7-9656-F3FCFE87ED04</targetEntity>
<transferable>true</transferable>
<deleteRule>NO ACTION</deleteRule>
</InheritanceRelation>