<?xml version = '1.0' encoding = 'UTF-8'?>
<FKIndexAssociation class="oracle.dbtools.crest.model.design.relational.FKIndexAssociation" directorySegmentName="seg_0" id="01C8C8CC-87F0-4124-640E-83526FE502D7" containerWithKeyObject="C2A577B0-981F-2203-93F9-668CF3B806B7" localFKIndex="7A57CA9B-61FF-E1A3-198A-7D53FB8C6B53" name="Result_Team_FK">
<createdBy>golyt</createdBy>
<createdTime>2020-05-14 13:31:44 UTC</createdTime>
<generatorID>7104E329-29C1-CC6E-DF5B-164D58110E62</generatorID>
<ownerDesignName>semestral_last</ownerDesignName>
<referredTableLongName>Team</referredTableLongName>
<deleteRule>NO ACTION</deleteRule>
<referredTableID>8BC1F57A-6CDB-17E2-71A0-D9373DA49C45</referredTableID>
<keyObject>E26BD392-6BE9-A961-576C-30C59C633912</keyObject>
<referredKeyID>E26BD392-6BE9-A961-576C-30C59C633912</referredKeyID>
<mandatory>true</mandatory>
<refColNames>id_team</refColNames>
<transferable>true</transferable>
<rely>false</rely>
<columnDependencyConstraintGenerateInDDL>true</columnDependencyConstraintGenerateInDDL>
</FKIndexAssociation>