<?xml version = '1.0' encoding = 'UTF-8'?>
<FKIndexAssociation class="oracle.dbtools.crest.model.design.relational.FKIndexAssociation" directorySegmentName="seg_0" id="042AF5CB-F891-1341-CBEC-E06C6331E66A" containerWithKeyObject="90D3C879-2890-6022-8295-495D9CB03FEF" localFKIndex="C2D0FA1B-EA27-61F0-AA4D-E1CD64BB083B" name="Analyst_Employee_FK">
<createdBy>golyt</createdBy>
<createdTime>2020-05-14 13:31:44 UTC</createdTime>
<generatorID>67B527AA-864D-054F-1B39-79EBC9398B25</generatorID>
<ownerDesignName>semestral_last</ownerDesignName>
<referredTableLongName>Employee</referredTableLongName>
<arc>3AECF221-D1CC-3F92-5866-7B66A9400F74</arc>
<deleteRule>NO ACTION</deleteRule>
<referredTableID>60C4AAB1-A7DF-EBCC-0F64-F1E9AFF1A6E5</referredTableID>
<keyObject>E2C953C9-0B43-81C0-57C4-ACD509E861B1</keyObject>
<referredKeyID>E2C953C9-0B43-81C0-57C4-ACD509E861B1</referredKeyID>
<mandatory>true</mandatory>
<refColNames>id_employee</refColNames>
<transferable>true</transferable>
<rely>false</rely>
<discriminatorValue>&apos;Analyst&apos;</discriminatorValue>
<columnDependencyConstraintGenerateInDDL>true</columnDependencyConstraintGenerateInDDL>
</FKIndexAssociation>