<?xml version = '1.0' encoding = 'UTF-8'?>
<FKIndexAssociation class="oracle.dbtools.crest.model.design.relational.FKIndexAssociation" directorySegmentName="seg_0" id="05B250BB-AD3C-380C-AE63-33FA4F4FC87C" containerWithKeyObject="569B7066-B96C-B717-9902-5C67F9971082" localFKIndex="A05E595B-E802-A334-2A4D-7935B441D611" name="Player_Team_FK">
<createdBy>golyt</createdBy>
<createdTime>2020-05-14 13:31:44 UTC</createdTime>
<generatorID>8A59DFE8-E3B1-4596-8B78-5B42BF300215</generatorID>
<ownerDesignName>semestral_last</ownerDesignName>
<referredTableLongName>Team</referredTableLongName>
<deleteRule>NO ACTION</deleteRule>
<referredTableID>8BC1F57A-6CDB-17E2-71A0-D9373DA49C45</referredTableID>
<keyObject>E26BD392-6BE9-A961-576C-30C59C633912</keyObject>
<referredKeyID>E26BD392-6BE9-A961-576C-30C59C633912</referredKeyID>
<mandatory>false</mandatory>
<refColNames>id_team</refColNames>
<transferable>true</transferable>
<rely>false</rely>
<columnDependencyConstraintGenerateInDDL>true</columnDependencyConstraintGenerateInDDL>
</FKIndexAssociation>