<?xml version = '1.0' encoding = 'UTF-8'?>
<FKIndexAssociation class="oracle.dbtools.crest.model.design.relational.FKIndexAssociation" directorySegmentName="seg_0" id="0C4ABE1B-E062-F350-295B-3FBE93BEC65A" containerWithKeyObject="12FD0CA9-287D-D4B2-9A09-21179ADE4852" localFKIndex="1810F904-55E3-612E-EBB1-AE38EFC64C44" name="Commentator_Employee_FK">
<createdBy>golyt</createdBy>
<createdTime>2020-05-14 13:31:44 UTC</createdTime>
<generatorID>117A6193-F3B7-DCB1-30FC-00150C42D37C</generatorID>
<ownerDesignName>semestral_last</ownerDesignName>
<referredTableLongName>Employee</referredTableLongName>
<arc>3AECF221-D1CC-3F92-5866-7B66A9400F74</arc>
<deleteRule>NO ACTION</deleteRule>
<referredTableID>60C4AAB1-A7DF-EBCC-0F64-F1E9AFF1A6E5</referredTableID>
<keyObject>E2C953C9-0B43-81C0-57C4-ACD509E861B1</keyObject>
<referredKeyID>E2C953C9-0B43-81C0-57C4-ACD509E861B1</referredKeyID>
<mandatory>true</mandatory>
<refColNames>id_employee</refColNames>
<transferable>true</transferable>
<rely>false</rely>
<discriminatorValue>&apos;Commentator&apos;</discriminatorValue>
<columnDependencyConstraintGenerateInDDL>true</columnDependencyConstraintGenerateInDDL>
</FKIndexAssociation>