<?xml version = '1.0' encoding = 'UTF-8'?>
<FKIndexAssociation class="oracle.dbtools.crest.model.design.relational.FKIndexAssociation" directorySegmentName="seg_0" id="1160BA02-0570-78B1-769D-EBB3F0C10BFC" containerWithKeyObject="DBB221DA-0C5F-64F8-01C5-326F6C63478D" localFKIndex="FD6DD52C-0898-87E8-5214-D7BF7AA1FE74" name="Banned_Player_FK">
<createdBy>golyt</createdBy>
<createdTime>2020-05-14 13:31:44 UTC</createdTime>
<generatorID>F5B31AC6-9744-FDEE-EA98-B851D02E13E1</generatorID>
<ownerDesignName>semestral_last</ownerDesignName>
<referredTableLongName>Player</referredTableLongName>
<arc>616E6BD7-4518-DED7-E2A3-BBD8F8662E7D</arc>
<deleteRule>NO ACTION</deleteRule>
<referredTableID>569B7066-B96C-B717-9902-5C67F9971082</referredTableID>
<keyObject>32AD3604-EC4F-F9B0-476C-753A10455AE6</keyObject>
<referredKeyID>32AD3604-EC4F-F9B0-476C-753A10455AE6</referredKeyID>
<mandatory>true</mandatory>
<refColNames>id_player</refColNames>
<transferable>true</transferable>
<rely>false</rely>
<discriminatorValue>Banned</discriminatorValue>
<columnDependencyConstraintGenerateInDDL>true</columnDependencyConstraintGenerateInDDL>
</FKIndexAssociation>