<?xml version = '1.0' encoding = 'UTF-8'?>
<FKIndexAssociation class="oracle.dbtools.crest.model.design.relational.FKIndexAssociation" directorySegmentName="seg_0" id="6F258EF8-FC75-D0BA-9D71-6E969FEDD691" containerWithKeyObject="F6CE2F55-0CE0-74EC-156E-01EB11079A31" localFKIndex="DEF119CF-8D51-687C-E654-F563F5CF1205" name="City_Country_FK">
<createdBy>golyt</createdBy>
<createdTime>2020-05-14 13:31:44 UTC</createdTime>
<generatorID>C3F2712D-0F38-2B01-9AF2-34D6910D4EA2</generatorID>
<ownerDesignName>semestral_last</ownerDesignName>
<referredTableLongName>Country</referredTableLongName>
<deleteRule>NO ACTION</deleteRule>
<referredTableID>E31D79DB-ACB2-5A1A-6A0A-2AA7E3BFB22C</referredTableID>
<keyObject>85150FC9-F4B8-88A9-99F0-0F1898B2962D</keyObject>
<referredKeyID>85150FC9-F4B8-88A9-99F0-0F1898B2962D</referredKeyID>
<mandatory>true</mandatory>
<refColNames>id_country</refColNames>
<transferable>true</transferable>
<rely>false</rely>
<columnDependencyConstraintGenerateInDDL>true</columnDependencyConstraintGenerateInDDL>
</FKIndexAssociation>