<?xml version = '1.0' encoding = 'UTF-8'?>
<FKIndexAssociation class="oracle.dbtools.crest.model.design.relational.FKIndexAssociation" directorySegmentName="seg_0" id="710D2614-5346-D614-574D-5BB98AA6E63B" containerWithKeyObject="E6B73A89-EFE8-ADB7-189F-44633487E392" localFKIndex="9B576EC1-B6E4-7450-A6CD-DF02AD7DAB0A" name="Relation_12_Team_FK">
<createdBy>golyt</createdBy>
<createdTime>2020-05-14 13:31:44 UTC</createdTime>
<generatorID>0D09DCCC-7027-D730-039C-A55186D9DD67</generatorID>
<ownerDesignName>semestral_last</ownerDesignName>
<referredTableLongName>Team</referredTableLongName>
<deleteRule>NO ACTION</deleteRule>
<referredTableID>8BC1F57A-6CDB-17E2-71A0-D9373DA49C45</referredTableID>
<keyObject>E26BD392-6BE9-A961-576C-30C59C633912</keyObject>
<referredKeyID>E26BD392-6BE9-A961-576C-30C59C633912</referredKeyID>
<mandatory>true</mandatory>
<refColNames>id_team</refColNames>
<transferable>true</transferable>
<rely>false</rely>
<columnDependencyConstraintGenerateInDDL>true</columnDependencyConstraintGenerateInDDL>
</FKIndexAssociation>