<?xml version = '1.0' encoding = 'UTF-8'?>
<FKIndexAssociation class="oracle.dbtools.crest.model.design.relational.FKIndexAssociation" directorySegmentName="seg_0" id="73689D30-4A37-6116-7CBC-5184B50F443B" containerWithKeyObject="C2A577B0-981F-2203-93F9-668CF3B806B7" localFKIndex="DB0AD01C-C03D-CCD5-EDE9-809EDA0B8DC0" name="Result_Tournament_FK">
<createdBy>golyt</createdBy>
<createdTime>2020-05-14 13:31:44 UTC</createdTime>
<generatorID>5E94805A-0D87-D44F-1E8C-2B12871AA3DE</generatorID>
<ownerDesignName>semestral_last</ownerDesignName>
<referredTableLongName>Tournament</referredTableLongName>
<deleteRule>NO ACTION</deleteRule>
<referredTableID>70E030C3-E203-95DD-2B69-829BAE49FB84</referredTableID>
<keyObject>B1C5828A-24F0-21DC-D9BA-B97952CB787D</keyObject>
<referredKeyID>B1C5828A-24F0-21DC-D9BA-B97952CB787D</referredKeyID>
<mandatory>true</mandatory>
<refColNames>id_tournament</refColNames>
<transferable>true</transferable>
<rely>false</rely>
<columnDependencyConstraintGenerateInDDL>true</columnDependencyConstraintGenerateInDDL>
</FKIndexAssociation>