<?xml version = '1.0' encoding = 'UTF-8'?>
<FKIndexAssociation class="oracle.dbtools.crest.model.design.relational.FKIndexAssociation" directorySegmentName="seg_0" id="889C0E95-6F4C-9398-9EF4-03E53C96A5D7" containerWithKeyObject="7B0E941C-5285-3565-86E8-61E4F63D62C7" localFKIndex="4C069975-1B16-E40B-DABB-533C29393C17" name="Active_Player_FK">
<createdBy>golyt</createdBy>
<createdTime>2020-05-14 13:31:44 UTC</createdTime>
<generatorID>15CCFA2B-6148-2743-4B89-8CF80E9A855B</generatorID>
<ownerDesignName>semestral_last</ownerDesignName>
<referredTableLongName>Player</referredTableLongName>
<arc>616E6BD7-4518-DED7-E2A3-BBD8F8662E7D</arc>
<deleteRule>NO ACTION</deleteRule>
<referredTableID>569B7066-B96C-B717-9902-5C67F9971082</referredTableID>
<keyObject>32AD3604-EC4F-F9B0-476C-753A10455AE6</keyObject>
<referredKeyID>32AD3604-EC4F-F9B0-476C-753A10455AE6</referredKeyID>
<mandatory>true</mandatory>
<refColNames>id_player</refColNames>
<transferable>true</transferable>
<rely>false</rely>
<discriminatorValue>Active</discriminatorValue>
<columnDependencyConstraintGenerateInDDL>true</columnDependencyConstraintGenerateInDDL>
</FKIndexAssociation>