<?xml version = '1.0' encoding = 'UTF-8'?>
<FKIndexAssociation class="oracle.dbtools.crest.model.design.relational.FKIndexAssociation" directorySegmentName="seg_0" id="A3C658CF-5E51-88F0-CB4C-ABDEB9DAC224" containerWithKeyObject="E6B73A89-EFE8-ADB7-189F-44633487E392" localFKIndex="02E43334-29C3-FE7D-B885-96BDCA2B49C3" name="Relation_12_Sponsor_FK">
<createdBy>golyt</createdBy>
<createdTime>2020-05-14 13:31:44 UTC</createdTime>
<generatorID>0D09DCCC-7027-D730-039C-A55186D9DD67</generatorID>
<ownerDesignName>semestral_last</ownerDesignName>
<referredTableLongName>Sponsor</referredTableLongName>
<deleteRule>NO ACTION</deleteRule>
<referredTableID>AAF6E475-7D77-3BA7-7251-07B9323A3A7E</referredTableID>
<keyObject>5F693566-AF56-C980-5243-E4F6CD70C7EA</keyObject>
<referredKeyID>5F693566-AF56-C980-5243-E4F6CD70C7EA</referredKeyID>
<mandatory>true</mandatory>
<refColNames>id_sponsor</refColNames>
<transferable>true</transferable>
<rely>false</rely>
<columnDependencyConstraintGenerateInDDL>true</columnDependencyConstraintGenerateInDDL>
</FKIndexAssociation>