<?xml version = '1.0' encoding = 'UTF-8'?>
<FKIndexAssociation class="oracle.dbtools.crest.model.design.relational.FKIndexAssociation" directorySegmentName="seg_0" id="AB33C33B-CE27-9EF7-E653-972EF8144AA5" containerWithKeyObject="70E030C3-E203-95DD-2B69-829BAE49FB84" localFKIndex="0F059668-E3A9-3A08-5B4E-AEE1C8C80E4A" name="Tournament_Location_FK">
<createdBy>golyt</createdBy>
<createdTime>2020-05-14 13:31:44 UTC</createdTime>
<generatorID>30D1D71C-797F-2A66-4383-951001D7D1F2</generatorID>
<ownerDesignName>semestral_last</ownerDesignName>
<referredTableLongName>Location</referredTableLongName>
<deleteRule>NO ACTION</deleteRule>
<referredTableID>13746411-CCF9-F81B-6274-BA10942F27AA</referredTableID>
<keyObject>7434524C-E397-BF44-5332-48CA54C6678E</keyObject>
<referredKeyID>7434524C-E397-BF44-5332-48CA54C6678E</referredKeyID>
<mandatory>true</mandatory>
<refColNames>id_location</refColNames>
<transferable>true</transferable>
<rely>false</rely>
<columnDependencyConstraintGenerateInDDL>true</columnDependencyConstraintGenerateInDDL>
</FKIndexAssociation>