<?xml version = '1.0' encoding = 'UTF-8'?>
<FKIndexAssociation class="oracle.dbtools.crest.model.design.relational.FKIndexAssociation" directorySegmentName="seg_0" id="B7AD784C-2EC4-37B6-049E-F8E1383BEEBA" containerWithKeyObject="DBBED6D2-B18B-9670-0F6E-998EA511CDF7" localFKIndex="E2820EFC-2193-F32D-6CD6-FA2D67D18C94" name="Coach_Team_FK">
<createdBy>golyt</createdBy>
<createdTime>2020-05-14 13:31:44 UTC</createdTime>
<generatorID>CFACD969-9A7D-28D8-813E-5B3B9DF6B81D</generatorID>
<ownerDesignName>semestral_last</ownerDesignName>
<referredTableLongName>Team</referredTableLongName>
<deleteRule>NO ACTION</deleteRule>
<referredTableID>8BC1F57A-6CDB-17E2-71A0-D9373DA49C45</referredTableID>
<keyObject>E26BD392-6BE9-A961-576C-30C59C633912</keyObject>
<referredKeyID>E26BD392-6BE9-A961-576C-30C59C633912</referredKeyID>
<mandatory>true</mandatory>
<refColNames>id_team</refColNames>
<transferable>true</transferable>
<rely>false</rely>
<columnDependencyConstraintGenerateInDDL>true</columnDependencyConstraintGenerateInDDL>
</FKIndexAssociation>