<?xml version = '1.0' encoding = 'UTF-8'?>
<FKIndexAssociation class="oracle.dbtools.crest.model.design.relational.FKIndexAssociation" directorySegmentName="seg_0" id="E3DE3FD5-CF93-A6A6-855A-8694167723DD" containerWithKeyObject="13746411-CCF9-F81B-6274-BA10942F27AA" localFKIndex="4AB02B83-30EC-4842-72FA-842361207D21" name="Location_City_FK">
<createdBy>golyt</createdBy>
<createdTime>2020-05-14 13:31:44 UTC</createdTime>
<generatorID>17293946-74FD-620F-585E-77E4BF08249E</generatorID>
<ownerDesignName>semestral_last</ownerDesignName>
<referredTableLongName>City</referredTableLongName>
<deleteRule>NO ACTION</deleteRule>
<referredTableID>F6CE2F55-0CE0-74EC-156E-01EB11079A31</referredTableID>
<keyObject>DD4433E4-C096-FA1C-9C55-91B2F67A2FDA</keyObject>
<referredKeyID>DD4433E4-C096-FA1C-9C55-91B2F67A2FDA</referredKeyID>
<mandatory>true</mandatory>
<refColNames>id_city</refColNames>
<transferable>true</transferable>
<rely>false</rely>
<columnDependencyConstraintGenerateInDDL>true</columnDependencyConstraintGenerateInDDL>
</FKIndexAssociation>