<?xml version = '1.0' encoding = 'UTF-8'?>
<FKIndexAssociation class="oracle.dbtools.crest.model.design.relational.FKIndexAssociation" directorySegmentName="seg_0" id="F09B6A70-EC37-1CFC-CF48-190268F1EF92" containerWithKeyObject="60C4AAB1-A7DF-EBCC-0F64-F1E9AFF1A6E5" localFKIndex="9545CBBD-D8D0-16EA-9F21-45662D0008B0" name="Employee_Tournament_FK">
<createdBy>golyt</createdBy>
<createdTime>2020-05-14 13:31:44 UTC</createdTime>
<generatorID>4B7A791A-0625-3AB4-C856-F7FBBCFF047C</generatorID>
<ownerDesignName>semestral_last</ownerDesignName>
<referredTableLongName>Tournament</referredTableLongName>
<deleteRule>NO ACTION</deleteRule>
<referredTableID>70E030C3-E203-95DD-2B69-829BAE49FB84</referredTableID>
<keyObject>B1C5828A-24F0-21DC-D9BA-B97952CB787D</keyObject>
<referredKeyID>B1C5828A-24F0-21DC-D9BA-B97952CB787D</referredKeyID>
<mandatory>true</mandatory>
<refColNames>id_tournament</refColNames>
<transferable>true</transferable>
<rely>false</rely>
<columnDependencyConstraintGenerateInDDL>true</columnDependencyConstraintGenerateInDDL>
</FKIndexAssociation>