<?xml version = '1.0' encoding = 'UTF-8'?>
<Diagram class="oracle.dbtools.crest.swingui.logical.DPVLogical" name="Logical" id="434D203C-3ECB-B510-243B-8DCB7C9640E2">
<createdBy>golyt</createdBy>
<modifiedBy>golyt</modifiedBy>
<createdTime>2020-04-03 14:58:00 UTC</createdTime>
<autoRoute>false</autoRoute>
<boxInbox>true</boxInbox>
<showLegend>false</showLegend>
<showLabels>true</showLabels>
<showRelAttributes>true</showRelAttributes>
<gridEnabled>false</gridEnabled>
<showGrid>false</showGrid>
<diagramColor>-1</diagramColor>
<display>false</display>
<notation>1</notation>
<objectViews>
<OView class="oracle.dbtools.crest.swingui.logical.TVEntity" oid="3222736B-688B-AB01-056A-1B6307701F65" otype="Entity" vid="95DBBA5E-168B-30A6-4711-CFDA4B1FD33D">
<hideElementsInCurrentOnly>false</hideElementsInCurrentOnly>
<bounds x="394" y="27" width="170" height="110"/>
</OView>
<OView class="oracle.dbtools.crest.swingui.TVNote" oid="40CE5A03-B895-D260-584F-4A3AAADA9AD0" otype="Note" vid="BB02CB13-8835-56D9-E52D-D7D4DBE32E9C">
<hideElementsInCurrentOnly>false</hideElementsInCurrentOnly>
<bounds x="1268" y="273" width="279" height="40"/>
<comment>IO7 (Tournament): Number of teams in tournament must be above two.</comment>
</OView>
<OView class="oracle.dbtools.crest.swingui.logical.TVEntity" oid="49B77FB8-7F9E-74AD-629E-4083F43D4D7E" otype="Entity" vid="B9EFAA7F-CE22-9A48-5D99-0E8E024C9DAB">
<hideElementsInCurrentOnly>false</hideElementsInCurrentOnly>
<bounds x="115" y="318" width="170" height="110"/>
</OView>
<OView class="oracle.dbtools.crest.swingui.TVNote" oid="4BB08108-2BE7-BC24-CD2A-0679F7ECCAB2" otype="Note" vid="41008DD6-75D8-6651-ACC4-4030FD743C6B">
<hideElementsInCurrentOnly>false</hideElementsInCurrentOnly>
<bounds x="1265" y="229" width="290" height="40"/>
<comment>IO6 (Player): Players age must be above 16.</comment>
</OView>
<OView class="oracle.dbtools.crest.swingui.logical.TVEntity" oid="4F63DFBF-6A3F-251F-B8EF-F7770063C567" otype="Entity" vid="602DD568-4DF9-FA74-3096-57655F3EBD10">
<hideElementsInCurrentOnly>false</hideElementsInCurrentOnly>
<bounds x="135" y="515" width="170" height="110"/>
</OView>
<OView class="oracle.dbtools.crest.swingui.TVNote" oid="5005FFF3-2182-D60C-5F4E-1DB693ED3B27" otype="Note" vid="C3DDD7B5-B09C-CEC5-4322-D00FA15C6B59">
<hideElementsInCurrentOnly>false</hideElementsInCurrentOnly>
<bounds x="1256" y="19" width="286" height="32"/>
<comment>IO1(Result): One team can&apos;t have two different places in one tournament.</comment>
</OView>
<OView class="oracle.dbtools.crest.swingui.logical.TVEntity" oid="595696D7-A694-20A3-16EF-2A1EEA58F88D" otype="Entity" vid="C847F7ED-CBC5-5FA2-6EAE-7C2675953887">
<hideElementsInCurrentOnly>false</hideElementsInCurrentOnly>
<bounds x="1076" y="563" width="170" height="110"/>
</OView>
<OView class="oracle.dbtools.crest.swingui.logical.TVEntity" oid="6436DCFF-50EC-FC74-3D91-E74564FCA9E0" otype="Entity" vid="CF470403-D49E-63D0-8CD5-4885ECA7C905">
<hideElementsInCurrentOnly>false</hideElementsInCurrentOnly>
<bounds x="792" y="555" width="170" height="110"/>
</OView>
<OView class="oracle.dbtools.crest.swingui.logical.TVEntity" oid="6451AC6F-E63C-6C5B-D291-04167C0BB20C" otype="Entity" vid="EFF1C118-DA0B-F5FF-EE6F-F4779B55B514">
<hideElementsInCurrentOnly>false</hideElementsInCurrentOnly>
<bounds x="682" y="78" width="170" height="110"/>
</OView>
<OView class="oracle.dbtools.crest.swingui.logical.TVEntity" oid="6599267C-20A1-4ECB-7675-840317B9F0C8" otype="Entity" vid="A34EE4DD-C3D3-13AD-FDB0-3A7C698D34DB">
<hideElementsInCurrentOnly>false</hideElementsInCurrentOnly>
<bounds x="697" y="348" width="170" height="110"/>
</OView>
<OView class="oracle.dbtools.crest.swingui.TVNote" oid="6FEA2FA3-C11D-F416-BE93-DE12ED5B44A5" otype="Note" vid="CE23F9E6-C564-F061-9CF2-B0758D870709">
<hideElementsInCurrentOnly>false</hideElementsInCurrentOnly>
<bounds x="1261" y="57" width="291" height="35"/>
<comment>IO2(Result): One team can&apos;t have two different medals in one tournament.</comment>
</OView>
<OView class="oracle.dbtools.crest.swingui.TVNote" oid="726C6D76-AA61-5FF8-9663-C10EA10756A6" otype="Note" vid="02BF5DBB-4BC6-E232-51E4-66CBECA37E7B">
<hideElementsInCurrentOnly>false</hideElementsInCurrentOnly>
<bounds x="1264" y="185" width="287" height="40"/>
<comment>IO5(Tournament): One team can&apos;t participate in two different tournaments at the same time.</comment>
</OView>
<OView class="oracle.dbtools.crest.swingui.logical.TVEntity" oid="840C8AD9-6F3E-4866-5A1A-460B8E50F591" otype="Entity" vid="D550735B-45B5-ABA3-CB64-B6F59BC57337">
<hideElementsInCurrentOnly>false</hideElementsInCurrentOnly>
<bounds x="567" y="559" width="170" height="110"/>
</OView>
<OView class="oracle.dbtools.crest.swingui.logical.TVEntity" oid="85F3AE7D-03AC-0EE7-9656-F3FCFE87ED04" otype="Entity" vid="28123B67-052E-8C1B-6BCB-90E6867A7004">
<hideElementsInCurrentOnly>false</hideElementsInCurrentOnly>
<bounds x="217" y="168" width="93" height="69"/>
</OView>
<OView class="oracle.dbtools.crest.swingui.logical.TVEntity" oid="8947B0B4-5B56-8825-4788-ADF0C7E9E92B" otype="Entity" vid="820DC4E5-4999-490A-659D-457E09045233">
<hideElementsInCurrentOnly>false</hideElementsInCurrentOnly>
<bounds x="113" y="50" width="207" height="197"/>
</OView>
<OView class="oracle.dbtools.crest.swingui.logical.TVEntity" oid="92FFD328-2E8A-9929-45A5-07276ACEA8EB" otype="Entity" vid="FC42E5CB-E55E-3000-34E2-E4311987889C">
<hideElementsInCurrentOnly>false</hideElementsInCurrentOnly>
<bounds x="1076" y="330" width="170" height="110"/>
</OView>
<OView class="oracle.dbtools.crest.swingui.logical.TVEntity" oid="A01BA2A8-CF51-84D5-F229-00E417C26819" otype="Entity" vid="300770E4-6B7C-545C-761F-9BC139FBFF10">
<hideElementsInCurrentOnly>false</hideElementsInCurrentOnly>
<bounds x="123" y="172" width="86" height="54"/>
</OView>
<OView class="oracle.dbtools.crest.swingui.logical.TVEntity" oid="A1DFBE86-5C89-8778-F0E5-CE791DA4DCE4" otype="Entity" vid="CCEBD85F-D34E-69EF-93FD-62C514291BF0">
<hideElementsInCurrentOnly>false</hideElementsInCurrentOnly>
<bounds x="458" y="224" width="106" height="104"/>
</OView>
<OView class="oracle.dbtools.crest.swingui.TVNote" oid="B3857D7F-CA63-BECD-4350-B00CE7DE2B6F" otype="Note" vid="2B74EDDC-7173-83CC-FE6B-9CE87457EA49">
<hideElementsInCurrentOnly>false</hideElementsInCurrentOnly>
<bounds x="1261" y="99" width="289" height="40"/>
<comment>IO3(Team): One team can have max. two coaches.</comment>
</OView>
<OView class="oracle.dbtools.crest.swingui.TVNote" oid="B56D17E4-9A6B-16BC-BD44-673ED1ACD364" otype="Note" vid="6CBE8424-731C-AEFC-5735-3D71E570C503">
<hideElementsInCurrentOnly>false</hideElementsInCurrentOnly>
<bounds x="1270" y="318" width="298" height="40"/>
<comment>IO8 (Location): Only one tournament can take place at one location at the same time.</comment>
</OView>
<OView class="oracle.dbtools.crest.swingui.TVNote" oid="E420BBB8-3AFA-A070-90AC-1DC47D8A37C9" otype="Note" vid="9E1A8462-DE9C-B416-6DE0-1304530E7F72">
<hideElementsInCurrentOnly>false</hideElementsInCurrentOnly>
<bounds x="1262" y="145" width="290" height="35"/>
<comment>IO4(Team): One team can have max. six players.</comment>
</OView>
<OView class="oracle.dbtools.crest.swingui.TVNote" oid="FBCC06F6-939F-54AF-FB2A-56D173796E45" otype="Note" vid="EA3BD285-4984-1C45-E8A6-8A91F6864660">
<hideElementsInCurrentOnly>false</hideElementsInCurrentOnly>
<bounds x="1274" y="363" width="267" height="40"/>
<comment>IO9(Employee): Employee age must be above 18.</comment>
</OView>
<OView class="oracle.dbtools.crest.swingui.logical.TVEntity" oid="FDFE17C2-87FC-7D19-2B87-B7B159B3F28A" otype="Entity" vid="BCE2D4CA-1A58-5549-36C6-AE3F08DE3A1E">
<hideElementsInCurrentOnly>false</hideElementsInCurrentOnly>
<bounds x="1072" y="89" width="170" height="110"/>
</OView>
</objectViews>
<connectors>
<Connector class="oracle.dbtools.crest.swingui.logical.TVRelation" oid="0D09DCCC-7027-D730-039C-A55186D9DD67" otype="Relation" vid_source="CCEBD85F-D34E-69EF-93FD-62C514291BF0" vid_target="602DD568-4DF9-FA74-3096-57655F3EBD10">
<hideElementsInCurrentOnly>false</hideElementsInCurrentOnly>
<backgroundColor>-16777216</backgroundColor>
<lineWidth>1</lineWidth>
<targetLabel class="oracle.dbtools.crest.model.design.Label">
<site>2</site>
<labelBounds x="329" y="536" width="75" height="37"/>
<noBackgroundColor>true</noBackgroundColor>
<noForegroundColor>true</noForegroundColor>
</targetLabel>
<points>
<point x="488" y="328"/>
<point x="488" y="555"/>
<point x="305" y="555"/>
</points>
</Connector>
<Connector class="oracle.dbtools.crest.swingui.logical.TVRelation" oid="117A6193-F3B7-DCB1-30FC-00150C42D37C" otype="Relation" vid_source="A34EE4DD-C3D3-13AD-FDB0-3A7C698D34DB" vid_target="D550735B-45B5-ABA3-CB64-B6F59BC57337">
<hideElementsInCurrentOnly>false</hideElementsInCurrentOnly>
<backgroundColor>-16777216</backgroundColor>
<lineWidth>1</lineWidth>
<sourceLabel class="oracle.dbtools.crest.model.design.Label">
<site>0</site>
<labelBounds x="717" y="480" width="48" height="16"/>
<noBackgroundColor>true</noBackgroundColor>
<noForegroundColor>true</noForegroundColor>
</sourceLabel>
<points>
<point x="717" y="458"/>
<point x="717" y="559"/>
</points>
</Connector>
<Connector class="oracle.dbtools.crest.swingui.logical.TVInheritanceRelation" oid="15CCFA2B-6148-2743-4B89-8CF80E9A855B" otype="Hierarchy relation" vid_source="820DC4E5-4999-490A-659D-457E09045233" vid_target="300770E4-6B7C-545C-761F-9BC139FBFF10">
<hideElementsInCurrentOnly>false</hideElementsInCurrentOnly>
<backgroundColor>-65536</backgroundColor>
<lineWidth>1</lineWidth>
</Connector>
<Connector class="oracle.dbtools.crest.swingui.logical.TVRelation" oid="17293946-74FD-620F-585E-77E4BF08249E" otype="Relation" vid_source="FC42E5CB-E55E-3000-34E2-E4311987889C" vid_target="BCE2D4CA-1A58-5549-36C6-AE3F08DE3A1E">
<hideElementsInCurrentOnly>false</hideElementsInCurrentOnly>
<backgroundColor>-16777216</backgroundColor>
<lineWidth>1</lineWidth>
<targetLabel class="oracle.dbtools.crest.model.design.Label">
<site>2</site>
<labelBounds x="1128" y="214" width="34" height="30"/>
<noBackgroundColor>true</noBackgroundColor>
<noForegroundColor>true</noForegroundColor>
</targetLabel>
<points>
<point x="1174" y="330"/>
<point x="1174" y="199"/>
</points>
</Connector>
<Connector class="oracle.dbtools.crest.swingui.logical.TVRelation" oid="30D1D71C-797F-2A66-4383-951001D7D1F2" otype="Relation" vid_source="BCE2D4CA-1A58-5549-36C6-AE3F08DE3A1E" vid_target="EFF1C118-DA0B-F5FF-EE6F-F4779B55B514">
<hideElementsInCurrentOnly>false</hideElementsInCurrentOnly>
<backgroundColor>-16777216</backgroundColor>
<lineWidth>1</lineWidth>
<targetLabel class="oracle.dbtools.crest.model.design.Label">
<site>2</site>
<labelBounds x="858" y="147" width="96" height="30"/>
<noBackgroundColor>true</noBackgroundColor>
<noForegroundColor>true</noForegroundColor>
</targetLabel>
<points>
<point x="1072" y="138"/>
<point x="852" y="138"/>
</points>
</Connector>
<Connector class="oracle.dbtools.crest.swingui.logical.TVRelation" oid="4B7A791A-0625-3AB4-C856-F7FBBCFF047C" otype="Relation" vid_source="EFF1C118-DA0B-F5FF-EE6F-F4779B55B514" vid_target="A34EE4DD-C3D3-13AD-FDB0-3A7C698D34DB">
<hideElementsInCurrentOnly>false</hideElementsInCurrentOnly>
<backgroundColor>-16777216</backgroundColor>
<lineWidth>1</lineWidth>
<sourceLabel class="oracle.dbtools.crest.model.design.Label">
<site>0</site>
<labelBounds x="774" y="232" width="37" height="30"/>
<noBackgroundColor>true</noBackgroundColor>
<noForegroundColor>true</noForegroundColor>
</sourceLabel>
<points>
<point x="774" y="188"/>
<point x="774" y="348"/>
</points>
</Connector>
<Connector class="oracle.dbtools.crest.swingui.logical.TVRelation" oid="5E94805A-0D87-D44F-1E8C-2B12871AA3DE" otype="Relation" vid_source="EFF1C118-DA0B-F5FF-EE6F-F4779B55B514" vid_target="95DBBA5E-168B-30A6-4711-CFDA4B1FD33D">
<hideElementsInCurrentOnly>false</hideElementsInCurrentOnly>
<backgroundColor>-16777216</backgroundColor>
<lineWidth>1</lineWidth>
<sourceLabel class="oracle.dbtools.crest.model.design.Label">
<site>0</site>
<labelBounds x="645" y="77" width="31" height="30"/>
<noBackgroundColor>true</noBackgroundColor>
<noForegroundColor>true</noForegroundColor>
</sourceLabel>
<points>
<point x="682" y="107"/>
<point x="564" y="107"/>
</points>
</Connector>
<Connector class="oracle.dbtools.crest.swingui.logical.TVRelation" oid="67B527AA-864D-054F-1B39-79EBC9398B25" otype="Relation" vid_source="A34EE4DD-C3D3-13AD-FDB0-3A7C698D34DB" vid_target="CF470403-D49E-63D0-8CD5-4885ECA7C905">
<hideElementsInCurrentOnly>false</hideElementsInCurrentOnly>
<backgroundColor>-16777216</backgroundColor>
<lineWidth>1</lineWidth>
<sourceLabel class="oracle.dbtools.crest.model.design.Label">
<site>0</site>
<labelBounds x="829" y="493" width="47" height="13"/>
<noBackgroundColor>true</noBackgroundColor>
<noForegroundColor>true</noForegroundColor>
</sourceLabel>
<points>
<point x="829" y="458"/>
<point x="829" y="555"/>
</points>
</Connector>
<Connector class="oracle.dbtools.crest.swingui.logical.TVRelation" oid="7104E329-29C1-CC6E-DF5B-164D58110E62" otype="Relation" vid_source="CCEBD85F-D34E-69EF-93FD-62C514291BF0" vid_target="95DBBA5E-168B-30A6-4711-CFDA4B1FD33D">
<hideElementsInCurrentOnly>false</hideElementsInCurrentOnly>
<backgroundColor>-16777216</backgroundColor>
<lineWidth>1</lineWidth>
<targetLabel class="oracle.dbtools.crest.model.design.Label">
<site>2</site>
<labelBounds x="526" y="193" width="35" height="32"/>
<noBackgroundColor>true</noBackgroundColor>
<noForegroundColor>true</noForegroundColor>
</targetLabel>
<points>
<point x="526" y="224"/>
<point x="526" y="137"/>
</points>
</Connector>
<Connector class="oracle.dbtools.crest.swingui.logical.TVRelation" oid="8A59DFE8-E3B1-4596-8B78-5B42BF300215" otype="Relation" vid_source="CCEBD85F-D34E-69EF-93FD-62C514291BF0" vid_target="820DC4E5-4999-490A-659D-457E09045233">
<hideElementsInCurrentOnly>false</hideElementsInCurrentOnly>
<backgroundColor>-16777216</backgroundColor>
<lineWidth>1</lineWidth>
<targetLabel class="oracle.dbtools.crest.model.design.Label">
<site>2</site>
<labelBounds x="323" y="171" width="73" height="40"/>
<noBackgroundColor>true</noBackgroundColor>
<noForegroundColor>true</noForegroundColor>
</targetLabel>
<points>
<point x="493" y="224"/>
<point x="493" y="194"/>
<point x="320" y="194"/>
</points>
</Connector>
<Connector class="oracle.dbtools.crest.swingui.logical.TVRelation" oid="C3F2712D-0F38-2B01-9AF2-34D6910D4EA2" otype="Relation" vid_source="C847F7ED-CBC5-5FA2-6EAE-7C2675953887" vid_target="FC42E5CB-E55E-3000-34E2-E4311987889C">
<hideElementsInCurrentOnly>false</hideElementsInCurrentOnly>
<backgroundColor>-16777216</backgroundColor>
<lineWidth>1</lineWidth>
<targetLabel class="oracle.dbtools.crest.model.design.Label">
<site>2</site>
<labelBounds x="1141" y="455" width="42" height="30"/>
<noBackgroundColor>true</noBackgroundColor>
<noForegroundColor>true</noForegroundColor>
</targetLabel>
<points>
<point x="1186" y="563"/>
<point x="1184" y="440"/>
</points>
</Connector>
<Connector class="oracle.dbtools.crest.swingui.logical.TVRelation" oid="CFACD969-9A7D-28D8-813E-5B3B9DF6B81D" otype="Relation" vid_source="CCEBD85F-D34E-69EF-93FD-62C514291BF0" vid_target="B9EFAA7F-CE22-9A48-5D99-0E8E024C9DAB">
<hideElementsInCurrentOnly>false</hideElementsInCurrentOnly>
<backgroundColor>-16777216</backgroundColor>
<lineWidth>1</lineWidth>
<targetLabel class="oracle.dbtools.crest.model.design.Label">
<site>2</site>
<labelBounds x="219" y="295" width="50" height="36"/>
<noBackgroundColor>true</noBackgroundColor>
<noForegroundColor>true</noForegroundColor>
</targetLabel>
<points>
<point x="458" y="274"/>
<point x="198" y="274"/>
<point x="198" y="318"/>
</points>
</Connector>
<Connector class="oracle.dbtools.crest.swingui.logical.TVInheritanceRelation" oid="F5B31AC6-9744-FDEE-EA98-B851D02E13E1" otype="Hierarchy relation" vid_source="820DC4E5-4999-490A-659D-457E09045233" vid_target="28123B67-052E-8C1B-6BCB-90E6867A7004">
<hideElementsInCurrentOnly>false</hideElementsInCurrentOnly>
<backgroundColor>-65536</backgroundColor>
<lineWidth>1</lineWidth>
</Connector>
</connectors>
<arcs>
<Arc class="oracle.dbtools.crest.swingui.logical.TVArc" oid="4A836198-D33D-E4FE-068F-B49274AADE4C" otype="Arc" vid="395ED105-10CE-FB66-C280-EF175A0BC233">
<hideElementsInCurrentOnly>false</hideElementsInCurrentOnly>
<bounds x="677" y="328" width="210" height="150"/>
</Arc>
</arcs>
</Diagram>