<?xml version = '1.0' encoding = 'UTF-8'?>
<Diagram class="oracle.dbtools.crest.swingui.relational.DPVRelational" name="Relational_1" id="A7449DD3-3A14-1304-D44B-0F26016F3F1C">
<createdBy>golyt</createdBy>
<modifiedBy>golyt</modifiedBy>
<createdTime>2020-05-14 13:31:44 UTC</createdTime>
<autoRoute>false</autoRoute>
<boxInbox>true</boxInbox>
<showLegend>false</showLegend>
<showLabels>false</showLabels>
<showRelAttributes>false</showRelAttributes>
<gridEnabled>false</gridEnabled>
<showGrid>false</showGrid>
<diagramColor>-1</diagramColor>
<display>false</display>
<notation>1</notation>
<objectViews>
<OView class="oracle.dbtools.crest.swingui.relational.TVTable" oid="12FD0CA9-287D-D4B2-9A09-21179ADE4852" otype="Table" vid="57C6AD3D-43B0-96A5-8342-B7EFF1DEE059">
<hideElementsInCurrentOnly>false</hideElementsInCurrentOnly>
<bounds x="582" y="766" width="291" height="106"/>
</OView>
<OView class="oracle.dbtools.crest.swingui.relational.TVTable" oid="13746411-CCF9-F81B-6274-BA10942F27AA" otype="Table" vid="0B040FD3-BAEA-39DB-138F-B0F344002B63">
<hideElementsInCurrentOnly>false</hideElementsInCurrentOnly>
<bounds x="1208" y="92" width="188" height="120"/>
</OView>
<OView class="oracle.dbtools.crest.swingui.relational.TVTable" oid="569B7066-B96C-B717-9902-5C67F9971082" otype="Table" vid="AE5B9114-ED90-051F-335C-D69E8D8759CC">
<hideElementsInCurrentOnly>false</hideElementsInCurrentOnly>
<bounds x="34" y="36" width="207" height="191"/>
</OView>
<OView class="oracle.dbtools.crest.swingui.relational.TVTable" oid="60C4AAB1-A7DF-EBCC-0F64-F1E9AFF1A6E5" otype="Table" vid="C0B1AF1B-5A56-A3B2-7F8C-497D65CBFB3E">
<hideElementsInCurrentOnly>false</hideElementsInCurrentOnly>
<bounds x="801" y="363" width="306" height="146"/>
</OView>
<OView class="oracle.dbtools.crest.swingui.relational.TVTable" oid="70E030C3-E203-95DD-2B69-829BAE49FB84" otype="Table" vid="039C6F90-760B-84CF-8EC2-74AE8F9B8576">
<hideElementsInCurrentOnly>false</hideElementsInCurrentOnly>
<bounds x="852" y="72" width="275" height="166"/>
</OView>
<OView class="oracle.dbtools.crest.swingui.relational.TVTable" oid="7B0E941C-5285-3565-86E8-61E4F63D62C7" otype="Table" vid="42F43094-4679-F5ED-4A30-E49E9D91EBCE">
<hideElementsInCurrentOnly>false</hideElementsInCurrentOnly>
<bounds x="181" y="288" width="168" height="128"/>
</OView>
<OView class="oracle.dbtools.crest.swingui.relational.TVTable" oid="8BC1F57A-6CDB-17E2-71A0-D9373DA49C45" otype="Table" vid="38BDA7EA-0DEE-0975-89E3-DA16A67D8679">
<hideElementsInCurrentOnly>false</hideElementsInCurrentOnly>
<bounds x="543" y="225" width="211" height="116"/>
</OView>
<OView class="oracle.dbtools.crest.swingui.relational.TVTable" oid="90D3C879-2890-6022-8295-495D9CB03FEF" otype="Table" vid="141E0242-8625-CBED-2E9A-9FD4779FAB93">
<hideElementsInCurrentOnly>false</hideElementsInCurrentOnly>
<bounds x="901" y="768" width="260" height="96"/>
</OView>
<OView class="oracle.dbtools.crest.swingui.relational.TVTable" oid="AAF6E475-7D77-3BA7-7251-07B9323A3A7E" otype="Table" vid="1532D08A-1A36-ED2C-7F57-A6EEB9E0BE14">
<hideElementsInCurrentOnly>false</hideElementsInCurrentOnly>
<bounds x="95" y="711" width="170" height="110"/>
</OView>
<OView class="oracle.dbtools.crest.swingui.relational.TVTable" oid="C2A577B0-981F-2203-93F9-668CF3B806B7" otype="Table" vid="0B1F829F-B70C-F471-7CCE-7BF0EE012AED">
<hideElementsInCurrentOnly>false</hideElementsInCurrentOnly>
<bounds x="489" y="19" width="275" height="160"/>
</OView>
<OView class="oracle.dbtools.crest.swingui.relational.TVTable" oid="DBB221DA-0C5F-64F8-01C5-326F6C63478D" otype="Table" vid="66607EB0-9805-9D99-ACCF-46FBF2ED7CDA">
<hideElementsInCurrentOnly>false</hideElementsInCurrentOnly>
<bounds x="0" y="284" width="178" height="131"/>
</OView>
<OView class="oracle.dbtools.crest.swingui.relational.TVTable" oid="DBBED6D2-B18B-9670-0F6E-998EA511CDF7" otype="Table" vid="D19F1265-02FF-27C2-D422-5F8470BB5B37">
<hideElementsInCurrentOnly>false</hideElementsInCurrentOnly>
<bounds x="239" y="434" width="211" height="151"/>
</OView>
<OView class="oracle.dbtools.crest.swingui.relational.TVTable" oid="E31D79DB-ACB2-5A1A-6A0A-2AA7E3BFB22C" otype="Table" vid="96AB4932-6911-0979-83FF-801B374EB8EE">
<hideElementsInCurrentOnly>false</hideElementsInCurrentOnly>
<bounds x="1194" y="764" width="170" height="110"/>
</OView>
<OView class="oracle.dbtools.crest.swingui.relational.TVTable" oid="E6B73A89-EFE8-ADB7-189F-44633487E392" otype="Table" vid="7D21DE06-A6FE-61F8-0733-956108588E75">
<hideElementsInCurrentOnly>false</hideElementsInCurrentOnly>
<bounds x="481" y="600" width="288" height="113"/>
</OView>
<OView class="oracle.dbtools.crest.swingui.relational.TVTable" oid="F6CE2F55-0CE0-74EC-156E-01EB11079A31" otype="Table" vid="FF243D81-D4A6-DF2A-E04A-FF237B0A3B74">
<hideElementsInCurrentOnly>false</hideElementsInCurrentOnly>
<bounds x="1215" y="397" width="214" height="125"/>
</OView>
</objectViews>
<connectors>
<Connector class="oracle.dbtools.crest.swingui.relational.TVFKRelation" oid="01C8C8CC-87F0-4124-640E-83526FE502D7" otype="FKIndexAssociation" vid_source="38BDA7EA-0DEE-0975-89E3-DA16A67D8679" vid_target="0B1F829F-B70C-F471-7CCE-7BF0EE012AED">
<hideElementsInCurrentOnly>false</hideElementsInCurrentOnly>
<backgroundColor>-16777216</backgroundColor>
<lineWidth>1</lineWidth>
<points>
<point x="648" y="225"/>
<point x="648" y="179"/>
</points>
</Connector>
<Connector class="oracle.dbtools.crest.swingui.relational.TVFKRelation" oid="042AF5CB-F891-1341-CBEC-E06C6331E66A" otype="FKIndexAssociation" vid_source="C0B1AF1B-5A56-A3B2-7F8C-497D65CBFB3E" vid_target="141E0242-8625-CBED-2E9A-9FD4779FAB93">
<hideElementsInCurrentOnly>false</hideElementsInCurrentOnly>
<backgroundColor>-16777216</backgroundColor>
<lineWidth>1</lineWidth>
<points>
<point x="1004" y="509"/>
<point x="1004" y="768"/>
</points>
</Connector>
<Connector class="oracle.dbtools.crest.swingui.relational.TVFKRelation" oid="05B250BB-AD3C-380C-AE63-33FA4F4FC87C" otype="FKIndexAssociation" vid_source="38BDA7EA-0DEE-0975-89E3-DA16A67D8679" vid_target="AE5B9114-ED90-051F-335C-D69E8D8759CC">
<hideElementsInCurrentOnly>false</hideElementsInCurrentOnly>
<backgroundColor>-16777216</backgroundColor>
<lineWidth>1</lineWidth>
<points>
<point x="543" y="225"/>
<point x="493" y="194"/>
<point x="241" y="194"/>
</points>
</Connector>
<Connector class="oracle.dbtools.crest.swingui.relational.TVFKRelation" oid="0C4ABE1B-E062-F350-295B-3FBE93BEC65A" otype="FKIndexAssociation" vid_source="C0B1AF1B-5A56-A3B2-7F8C-497D65CBFB3E" vid_target="57C6AD3D-43B0-96A5-8342-B7EFF1DEE059">
<hideElementsInCurrentOnly>false</hideElementsInCurrentOnly>
<backgroundColor>-16777216</backgroundColor>
<lineWidth>1</lineWidth>
<points>
<point x="837" y="509"/>
<point x="837" y="766"/>
</points>
</Connector>
<Connector class="oracle.dbtools.crest.swingui.relational.TVFKRelation" oid="1160BA02-0570-78B1-769D-EBB3F0C10BFC" otype="FKIndexAssociation" vid_source="AE5B9114-ED90-051F-335C-D69E8D8759CC" vid_target="66607EB0-9805-9D99-ACCF-46FBF2ED7CDA">
<hideElementsInCurrentOnly>false</hideElementsInCurrentOnly>
<backgroundColor>-16777216</backgroundColor>
<lineWidth>1</lineWidth>
<points>
<point x="106" y="227"/>
<point x="106" y="284"/>
</points>
</Connector>
<Connector class="oracle.dbtools.crest.swingui.relational.TVFKRelation" oid="6F258EF8-FC75-D0BA-9D71-6E969FEDD691" otype="FKIndexAssociation" vid_source="96AB4932-6911-0979-83FF-801B374EB8EE" vid_target="FF243D81-D4A6-DF2A-E04A-FF237B0A3B74">
<hideElementsInCurrentOnly>false</hideElementsInCurrentOnly>
<backgroundColor>-16777216</backgroundColor>
<lineWidth>1</lineWidth>
<points>
<point x="1289" y="764"/>
<point x="1289" y="522"/>
</points>
</Connector>
<Connector class="oracle.dbtools.crest.swingui.relational.TVFKRelation" oid="710D2614-5346-D614-574D-5BB98AA6E63B" otype="FKIndexAssociation" vid_source="38BDA7EA-0DEE-0975-89E3-DA16A67D8679" vid_target="7D21DE06-A6FE-61F8-0733-956108588E75">
<hideElementsInCurrentOnly>false</hideElementsInCurrentOnly>
<backgroundColor>-16777216</backgroundColor>
<lineWidth>1</lineWidth>
<points>
<point x="648" y="341"/>
<point x="648" y="600"/>
</points>
</Connector>
<Connector class="oracle.dbtools.crest.swingui.relational.TVFKRelation" oid="73689D30-4A37-6116-7CBC-5184B50F443B" otype="FKIndexAssociation" vid_source="039C6F90-760B-84CF-8EC2-74AE8F9B8576" vid_target="0B1F829F-B70C-F471-7CCE-7BF0EE012AED">
<hideElementsInCurrentOnly>false</hideElementsInCurrentOnly>
<backgroundColor>-16777216</backgroundColor>
<lineWidth>1</lineWidth>
<points>
<point x="852" y="125"/>
<point x="764" y="125"/>
</points>
</Connector>
<Connector class="oracle.dbtools.crest.swingui.relational.TVFKRelation" oid="889C0E95-6F4C-9398-9EF4-03E53C96A5D7" otype="FKIndexAssociation" vid_source="AE5B9114-ED90-051F-335C-D69E8D8759CC" vid_target="42F43094-4679-F5ED-4A30-E49E9D91EBCE">
<hideElementsInCurrentOnly>false</hideElementsInCurrentOnly>
<backgroundColor>-16777216</backgroundColor>
<lineWidth>1</lineWidth>
<points>
<point x="211" y="227"/>
<point x="211" y="288"/>
</points>
</Connector>
<Connector class="oracle.dbtools.crest.swingui.relational.TVFKRelation" oid="A3C658CF-5E51-88F0-CB4C-ABDEB9DAC224" otype="FKIndexAssociation" vid_source="1532D08A-1A36-ED2C-7F57-A6EEB9E0BE14" vid_target="7D21DE06-A6FE-61F8-0733-956108588E75">
<hideElementsInCurrentOnly>false</hideElementsInCurrentOnly>
<backgroundColor>-16777216</backgroundColor>
<lineWidth>1</lineWidth>
<points>
<point x="265" y="712"/>
<point x="481" y="712"/>
</points>
</Connector>
<Connector class="oracle.dbtools.crest.swingui.relational.TVFKRelation" oid="AB33C33B-CE27-9EF7-E653-972EF8144AA5" otype="FKIndexAssociation" vid_source="0B040FD3-BAEA-39DB-138F-B0F344002B63" vid_target="039C6F90-760B-84CF-8EC2-74AE8F9B8576">
<hideElementsInCurrentOnly>false</hideElementsInCurrentOnly>
<backgroundColor>-16777216</backgroundColor>
<lineWidth>1</lineWidth>
<points>
<point x="1208" y="152"/>
<point x="1127" y="152"/>
</points>
</Connector>
<Connector class="oracle.dbtools.crest.swingui.relational.TVFKRelation" oid="B7AD784C-2EC4-37B6-049E-F8E1383BEEBA" otype="FKIndexAssociation" vid_source="38BDA7EA-0DEE-0975-89E3-DA16A67D8679" vid_target="D19F1265-02FF-27C2-D422-5F8470BB5B37">
<hideElementsInCurrentOnly>false</hideElementsInCurrentOnly>
<backgroundColor>-16777216</backgroundColor>
<lineWidth>1</lineWidth>
<points>
<point x="543" y="283"/>
<point x="362" y="283"/>
<point x="362" y="434"/>
</points>
</Connector>
<Connector class="oracle.dbtools.crest.swingui.relational.TVFKRelation" oid="E3DE3FD5-CF93-A6A6-855A-8694167723DD" otype="FKIndexAssociation" vid_source="FF243D81-D4A6-DF2A-E04A-FF237B0A3B74" vid_target="0B040FD3-BAEA-39DB-138F-B0F344002B63">
<hideElementsInCurrentOnly>false</hideElementsInCurrentOnly>
<backgroundColor>-16777216</backgroundColor>
<lineWidth>1</lineWidth>
<points>
<point x="1305" y="397"/>
<point x="1305" y="212"/>
</points>
</Connector>
<Connector class="oracle.dbtools.crest.swingui.relational.TVFKRelation" oid="F09B6A70-EC37-1CFC-CF48-190268F1EF92" otype="FKIndexAssociation" vid_source="039C6F90-760B-84CF-8EC2-74AE8F9B8576" vid_target="C0B1AF1B-5A56-A3B2-7F8C-497D65CBFB3E">
<hideElementsInCurrentOnly>false</hideElementsInCurrentOnly>
<backgroundColor>-16777216</backgroundColor>
<lineWidth>1</lineWidth>
<points>
<point x="979" y="238"/>
<point x="979" y="363"/>
</points>
</Connector>
</connectors>
<arcs>
<Arc class="oracle.dbtools.crest.swingui.relational.TVFKArc" oid="3AECF221-D1CC-3F92-5866-7B66A9400F74" otype="FKArc" vid="9A2FDEE9-C236-DB56-142F-0B5DC7A26AFD">
<hideElementsInCurrentOnly>false</hideElementsInCurrentOnly>
<bounds x="781" y="343" width="346" height="186"/>
</Arc>
<Arc class="oracle.dbtools.crest.swingui.relational.TVFKArc" oid="616E6BD7-4518-DED7-E2A3-BBD8F8662E7D" otype="FKArc" vid="FC4D434F-E63F-5C4A-D61D-B0F8EB94C666">
<hideElementsInCurrentOnly>false</hideElementsInCurrentOnly>
<bounds x="14" y="16" width="247" height="231"/>
</Arc>
</arcs>
</Diagram>