<?xml version = '1.0' encoding = 'UTF-8'?>
<Table class="oracle.dbtools.crest.model.design.relational.Table" directorySegmentName="seg_0" id="12FD0CA9-287D-D4B2-9A09-21179ADE4852" name="Commentator">
<createdBy>golyt</createdBy>
<createdTime>2020-05-14 13:31:44 UTC</createdTime>
<generatorID>840C8AD9-6F3E-4866-5A1A-460B8E50F591</generatorID>
<ownerDesignName>semestral_last</ownerDesignName>
<allowColumnReorder>false</allowColumnReorder>
<existDependencyGenerateInDDl>true</existDependencyGenerateInDDl>
<parsed>true</parsed>
<columns itemClass="oracle.dbtools.crest.model.design.relational.Column">
<Column name="language" id="EC764440-4AB1-A73B-1999-46B8BFAC289D">
<createdBy>golyt</createdBy>
<createdTime>2020-05-14 13:31:44 UTC</createdTime>
<generatorID>3E0DCAC1-7E77-FB02-1B30-4508C887AD49</generatorID>
<ownerDesignName>semestral_last</ownerDesignName>
<useDomainConstraints>false</useDomainConstraints>
<use>1</use>
<logicalDatatype>LOGDT024</logicalDatatype>
<dataTypeSize>20</dataTypeSize>
<ownDataTypeParameters>20,,</ownDataTypeParameters>
<autoIncrementCycle>false</autoIncrementCycle>
</Column>
<Column name="id_employee" id="0DCD8CA5-00EB-AB26-2D06-4A444943F58A">
<createdBy>golyt</createdBy>
<createdTime>2020-05-14 13:31:44 UTC</createdTime>
<generatorID>511F7F65-77B4-B738-2A5B-7EC656FB9B1B</generatorID>
<ownerDesignName>semestral_last</ownerDesignName>
<useDomainConstraints>false</useDomainConstraints>
<use>1</use>
<logicalDatatype>LOGDT011</logicalDatatype>
<ownDataTypeParameters>,,</ownDataTypeParameters>
<previousColumn>false</previousColumn>
<autoIncrementCycle>false</autoIncrementCycle>
<associations>
<colAssociation fkAssociation="0C4ABE1B-E062-F350-295B-3FBE93BEC65A" referredColumn="C37D62CD-FE52-1CEE-0505-22B8B9777964"/>
</associations>
</Column>
</columns>
<indexes itemClass="oracle.dbtools.crest.model.design.relational.Index">
<ind_PK_UK id="A2ECF3CD-C2C8-8D66-6EEE-0488801A5886" name="Commentator_PK">
<createdBy>golyt</createdBy>
<createdTime>2020-05-14 13:31:44 UTC</createdTime>
<generatorID>CAD59D20-1E85-75DF-5146-01E416286098</generatorID>
<ownerDesignName>semestral_last</ownerDesignName>
<pk>true</pk>
<indexState>Primary Constraint</indexState>
<isSurrogateKey>false</isSurrogateKey>
<indexColumnUsage>
<colUsage columnID="0DCD8CA5-00EB-AB26-2D06-4A444943F58A"/>
</indexColumnUsage>
</ind_PK_UK>
<ind_PK_UK id="1810F904-55E3-612E-EBB1-AE38EFC64C44" name="Commentator_Employee_FK">
<createdBy>golyt</createdBy>
<createdTime>2020-05-14 13:31:44 UTC</createdTime>
<generatorID>117A6193-F3B7-DCB1-30FC-00150C42D37C</generatorID>
<ownerDesignName>semestral_last</ownerDesignName>
<indexState>Foreign Key</indexState>
<isSurrogateKey>false</isSurrogateKey>
<indexColumnUsage>
<colUsage columnID="0DCD8CA5-00EB-AB26-2D06-4A444943F58A"/>
</indexColumnUsage>
</ind_PK_UK>
</indexes>
</Table>