<?xml version = '1.0' encoding = 'UTF-8'?>
<Table class="oracle.dbtools.crest.model.design.relational.Table" directorySegmentName="seg_0" id="13746411-CCF9-F81B-6274-BA10942F27AA" name="Location">
<createdBy>golyt</createdBy>
<createdTime>2020-05-14 13:31:44 UTC</createdTime>
<generatorID>FDFE17C2-87FC-7D19-2B87-B7B159B3F28A</generatorID>
<ownerDesignName>semestral_last</ownerDesignName>
<allowColumnReorder>false</allowColumnReorder>
<existDependencyGenerateInDDl>true</existDependencyGenerateInDDl>
<parsed>true</parsed>
<columns itemClass="oracle.dbtools.crest.model.design.relational.Column">
<Column name="id_location" id="0D9E3653-860A-D972-2FB4-9AAEF5B354CC">
<createdBy>golyt</createdBy>
<createdTime>2020-05-14 13:31:44 UTC</createdTime>
<generatorID>B67FFEA6-62DF-6134-EFBD-9FE9C5F0D1AF</generatorID>
<ownerDesignName>semestral_last</ownerDesignName>
<useDomainConstraints>false</useDomainConstraints>
<use>1</use>
<logicalDatatype>LOGDT011</logicalDatatype>
<ownDataTypeParameters>,,</ownDataTypeParameters>
<autoIncrementCycle>false</autoIncrementCycle>
</Column>
<Column name="name" id="09C6C49E-EC2C-2664-8AED-AE98EC5EC687">
<createdBy>golyt</createdBy>
<createdTime>2020-05-14 13:31:44 UTC</createdTime>
<generatorID>635CD7FB-7216-AA9F-BF5A-6332CE5D7C65</generatorID>
<ownerDesignName>semestral_last</ownerDesignName>
<useDomainConstraints>false</useDomainConstraints>
<use>1</use>
<logicalDatatype>LOGDT024</logicalDatatype>
<dataTypeSize>30</dataTypeSize>
<ownDataTypeParameters>30,,</ownDataTypeParameters>
<autoIncrementCycle>false</autoIncrementCycle>
</Column>
<Column name="id_city" id="E67D7739-CB0D-5402-FC68-3BCC6B0A604B">
<createdBy>golyt</createdBy>
<createdTime>2020-05-14 13:31:44 UTC</createdTime>
<generatorID>69530C5E-8C09-49B1-35F2-FA2F9DD1A8CF</generatorID>
<ownerDesignName>semestral_last</ownerDesignName>
<useDomainConstraints>false</useDomainConstraints>
<use>1</use>
<logicalDatatype>LOGDT011</logicalDatatype>
<ownDataTypeParameters>,,</ownDataTypeParameters>
<previousColumn>false</previousColumn>
<autoIncrementCycle>false</autoIncrementCycle>
<associations>
<colAssociation fkAssociation="E3DE3FD5-CF93-A6A6-855A-8694167723DD" referredColumn="7525FF8D-0E9F-1DAE-0FE2-92571C16D062"/>
</associations>
</Column>
</columns>
<indexes itemClass="oracle.dbtools.crest.model.design.relational.Index">
<ind_PK_UK id="7434524C-E397-BF44-5332-48CA54C6678E" name="Location_PK">
<createdBy>golyt</createdBy>
<createdTime>2020-05-14 13:31:44 UTC</createdTime>
<generatorID>ADAAC91A-84E2-2CD5-9DFE-66AD5AB9A850</generatorID>
<ownerDesignName>semestral_last</ownerDesignName>
<pk>true</pk>
<indexState>Primary Constraint</indexState>
<isSurrogateKey>false</isSurrogateKey>
<indexColumnUsage>
<colUsage columnID="0D9E3653-860A-D972-2FB4-9AAEF5B354CC"/>
</indexColumnUsage>
</ind_PK_UK>
<ind_PK_UK id="4AB02B83-30EC-4842-72FA-842361207D21" name="Location_City_FK">
<createdBy>golyt</createdBy>
<createdTime>2020-05-14 13:31:44 UTC</createdTime>
<generatorID>17293946-74FD-620F-585E-77E4BF08249E</generatorID>
<ownerDesignName>semestral_last</ownerDesignName>
<indexState>Foreign Key</indexState>
<isSurrogateKey>false</isSurrogateKey>
<indexColumnUsage>
<colUsage columnID="E67D7739-CB0D-5402-FC68-3BCC6B0A604B"/>
</indexColumnUsage>
</ind_PK_UK>
</indexes>
</Table>