<?xml version = '1.0' encoding = 'UTF-8'?>
<Table class="oracle.dbtools.crest.model.design.relational.Table" directorySegmentName="seg_0" id="569B7066-B96C-B717-9902-5C67F9971082" name="Player">
<createdBy>golyt</createdBy>
<createdTime>2020-05-14 13:31:44 UTC</createdTime>
<generatorID>8947B0B4-5B56-8825-4788-ADF0C7E9E92B</generatorID>
<ownerDesignName>semestral_last</ownerDesignName>
<allowColumnReorder>false</allowColumnReorder>
<existDependencyGenerateInDDl>true</existDependencyGenerateInDDl>
<parsed>true</parsed>
<columns itemClass="oracle.dbtools.crest.model.design.relational.Column">
<Column name="id_player" id="90FF379E-A462-3CFD-92DE-EA8F6002D7DA">
<createdBy>golyt</createdBy>
<createdTime>2020-05-14 13:31:44 UTC</createdTime>
<generatorID>5A76A246-9A73-9537-427E-E1125825F29E</generatorID>
<ownerDesignName>semestral_last</ownerDesignName>
<useDomainConstraints>false</useDomainConstraints>
<use>1</use>
<logicalDatatype>LOGDT011</logicalDatatype>
<ownDataTypeParameters>,,</ownDataTypeParameters>
<autoIncrementCycle>false</autoIncrementCycle>
</Column>
<Column name="name" id="808D5DAE-5C40-CF5D-56C8-5B2D5C0F978B">
<createdBy>golyt</createdBy>
<createdTime>2020-05-14 13:31:44 UTC</createdTime>
<generatorID>48935479-0542-9F70-5489-B8279AD7FC1E</generatorID>
<ownerDesignName>semestral_last</ownerDesignName>
<useDomainConstraints>false</useDomainConstraints>
<use>1</use>
<logicalDatatype>LOGDT024</logicalDatatype>
<dataTypeSize>20</dataTypeSize>
<ownDataTypeParameters>20,,</ownDataTypeParameters>
<autoIncrementCycle>false</autoIncrementCycle>
</Column>
<Column name="surname" id="68B96AF5-E7F0-E338-A27B-D299CF6E7C6D">
<createdBy>golyt</createdBy>
<createdTime>2020-05-14 13:31:44 UTC</createdTime>
<generatorID>65FA5D53-324B-CC06-94D4-ECF9064BCC99</generatorID>
<ownerDesignName>semestral_last</ownerDesignName>
<useDomainConstraints>false</useDomainConstraints>
<use>1</use>
<logicalDatatype>LOGDT024</logicalDatatype>
<dataTypeSize>30</dataTypeSize>
<ownDataTypeParameters>30,,</ownDataTypeParameters>
<autoIncrementCycle>false</autoIncrementCycle>
</Column>
<Column name="nickname" id="810036C9-2904-0869-ADB4-99ACCD087FF6">
<createdBy>golyt</createdBy>
<createdTime>2020-05-14 13:31:44 UTC</createdTime>
<generatorID>561401BD-0073-3845-F2CC-61C66A84ACB9</generatorID>
<ownerDesignName>semestral_last</ownerDesignName>
<useDomainConstraints>false</useDomainConstraints>
<use>1</use>
<logicalDatatype>LOGDT024</logicalDatatype>
<dataTypeSize>20</dataTypeSize>
<ownDataTypeParameters>20,,</ownDataTypeParameters>
<autoIncrementCycle>false</autoIncrementCycle>
</Column>
<Column name="age" id="28BDE0DF-88AE-E08C-E0C2-447A1DD77A73">
<createdBy>golyt</createdBy>
<createdTime>2020-05-14 13:31:44 UTC</createdTime>
<generatorID>CBCD22C3-3936-C41C-2DCF-087D903232DD</generatorID>
<ownerDesignName>semestral_last</ownerDesignName>
<useDomainConstraints>false</useDomainConstraints>
<use>1</use>
<logicalDatatype>LOGDT011</logicalDatatype>
<ownDataTypeParameters>,,</ownDataTypeParameters>
<autoIncrementCycle>false</autoIncrementCycle>
</Column>
<Column name="raiting" id="5C3BAF57-32C1-2C30-55F5-61A0175087CE">
<createdBy>golyt</createdBy>
<createdTime>2020-05-14 13:31:44 UTC</createdTime>
<generatorID>2859786D-6D05-73AF-FB41-7F321CA90048</generatorID>
<ownerDesignName>semestral_last</ownerDesignName>
<nullsAllowed>true</nullsAllowed>
<useDomainConstraints>false</useDomainConstraints>
<use>1</use>
<logicalDatatype>LOGDT011</logicalDatatype>
<ownDataTypeParameters>,,</ownDataTypeParameters>
<autoIncrementCycle>false</autoIncrementCycle>
</Column>
<Column name="id_team" id="343D0BC9-302D-A295-55C3-E3ED5FA74A30">
<createdBy>golyt</createdBy>
<createdTime>2020-05-14 13:31:44 UTC</createdTime>
<generatorID>86B58DDC-6D6D-AE14-912B-77D48175FD3D</generatorID>
<ownerDesignName>semestral_last</ownerDesignName>
<nullsAllowed>true</nullsAllowed>
<useDomainConstraints>false</useDomainConstraints>
<use>1</use>
<logicalDatatype>LOGDT011</logicalDatatype>
<ownDataTypeParameters>,,</ownDataTypeParameters>
<previousColumn>false</previousColumn>
<autoIncrementCycle>false</autoIncrementCycle>
<associations>
<colAssociation fkAssociation="05B250BB-AD3C-380C-AE63-33FA4F4FC87C" referredColumn="9528AFC1-8679-C5B5-99E1-864DB8122DE6"/>
</associations>
</Column>
<Column name="Player_TYPE" id="95BA24F3-55DF-595D-8B75-8669490AA6A2">
<createdBy>golyt</createdBy>
<createdTime>2020-05-14 13:31:44 UTC</createdTime>
<ownerDesignName>semestral_last</ownerDesignName>
<constraintName>CH_INH_Player</constraintName>
<useDomainConstraints>false</useDomainConstraints>
<use>1</use>
<logicalDatatype>LOGDT024</logicalDatatype>
<dataTypeSize>6</dataTypeSize>
<listOfValues>
<valueDef value="Active" description="entity Active"/>
<valueDef value="Banned" description="entity Banned"/>
</listOfValues>
<ownDataTypeParameters>6,,</ownDataTypeParameters>
<autoIncrementCycle>false</autoIncrementCycle>
<isDiscriminatorColumn>true</isDiscriminatorColumn>
</Column>
</columns>
<indexes itemClass="oracle.dbtools.crest.model.design.relational.Index">
<ind_PK_UK id="32AD3604-EC4F-F9B0-476C-753A10455AE6" name="Player_PK">
<createdBy>golyt</createdBy>
<createdTime>2020-05-14 13:31:44 UTC</createdTime>
<generatorID>2EFAD9DF-5280-952A-CF34-771E4829F3FA</generatorID>
<ownerDesignName>semestral_last</ownerDesignName>
<pk>true</pk>
<indexState>Primary Constraint</indexState>
<isSurrogateKey>false</isSurrogateKey>
<indexColumnUsage>
<colUsage columnID="90FF379E-A462-3CFD-92DE-EA8F6002D7DA"/>
</indexColumnUsage>
</ind_PK_UK>
<ind_PK_UK id="A74E4998-879A-D475-A9EC-7FCD90DED9BD" name="Player_raiting_UN">
<createdBy>golyt</createdBy>
<createdTime>2020-05-14 13:31:44 UTC</createdTime>
<generatorID>E41260D2-2E71-817C-584C-40858123AFF9</generatorID>
<ownerDesignName>semestral_last</ownerDesignName>
<indexState>Unique Constraint</indexState>
<isSurrogateKey>false</isSurrogateKey>
<indexColumnUsage>
<colUsage columnID="5C3BAF57-32C1-2C30-55F5-61A0175087CE"/>
</indexColumnUsage>
</ind_PK_UK>
<ind_PK_UK id="A05E595B-E802-A334-2A4D-7935B441D611" name="Player_Team_FK">
<createdBy>golyt</createdBy>
<createdTime>2020-05-14 13:31:44 UTC</createdTime>
<generatorID>8A59DFE8-E3B1-4596-8B78-5B42BF300215</generatorID>
<ownerDesignName>semestral_last</ownerDesignName>
<indexState>Foreign Key</indexState>
<isSurrogateKey>false</isSurrogateKey>
<indexColumnUsage>
<colUsage columnID="343D0BC9-302D-A295-55C3-E3ED5FA74A30"/>
</indexColumnUsage>
</ind_PK_UK>
</indexes>
</Table>