<?xml version = '1.0' encoding = 'UTF-8'?>
<Table class="oracle.dbtools.crest.model.design.relational.Table" directorySegmentName="seg_0" id="60C4AAB1-A7DF-EBCC-0F64-F1E9AFF1A6E5" name="Employee">
<createdBy>golyt</createdBy>
<createdTime>2020-05-14 13:31:44 UTC</createdTime>
<generatorID>6599267C-20A1-4ECB-7675-840317B9F0C8</generatorID>
<ownerDesignName>semestral_last</ownerDesignName>
<allowColumnReorder>false</allowColumnReorder>
<existDependencyGenerateInDDl>true</existDependencyGenerateInDDl>
<parsed>true</parsed>
<columns itemClass="oracle.dbtools.crest.model.design.relational.Column">
<Column name="id_employee" id="C37D62CD-FE52-1CEE-0505-22B8B9777964">
<createdBy>golyt</createdBy>
<createdTime>2020-05-14 13:31:44 UTC</createdTime>
<generatorID>D17BFD8B-A565-5C17-8625-B12CB1755C4C</generatorID>
<ownerDesignName>semestral_last</ownerDesignName>
<useDomainConstraints>false</useDomainConstraints>
<use>1</use>
<logicalDatatype>LOGDT011</logicalDatatype>
<ownDataTypeParameters>,,</ownDataTypeParameters>
<autoIncrementCycle>false</autoIncrementCycle>
</Column>
<Column name="name" id="43C13A32-48B8-2048-DF5B-8F4E5CF7886A">
<createdBy>golyt</createdBy>
<createdTime>2020-05-14 13:31:44 UTC</createdTime>
<generatorID>A8D8CB0A-00DB-BD4A-8F3F-348FA377516F</generatorID>
<ownerDesignName>semestral_last</ownerDesignName>
<useDomainConstraints>false</useDomainConstraints>
<use>1</use>
<logicalDatatype>LOGDT024</logicalDatatype>
<dataTypeSize>20</dataTypeSize>
<ownDataTypeParameters>20,,</ownDataTypeParameters>
<autoIncrementCycle>false</autoIncrementCycle>
</Column>
<Column name="surname" id="03DA5044-320B-EC4A-D79C-363E78F313F4">
<createdBy>golyt</createdBy>
<createdTime>2020-05-14 13:31:44 UTC</createdTime>
<generatorID>65EF7B6E-CC38-A063-15C2-481AF375B124</generatorID>
<ownerDesignName>semestral_last</ownerDesignName>
<useDomainConstraints>false</useDomainConstraints>
<use>1</use>
<logicalDatatype>LOGDT024</logicalDatatype>
<dataTypeSize>30</dataTypeSize>
<ownDataTypeParameters>30,,</ownDataTypeParameters>
<autoIncrementCycle>false</autoIncrementCycle>
</Column>
<Column name="age" id="98E29B2D-E84A-23E9-2ECF-B993F9BDCBB9">
<createdBy>golyt</createdBy>
<createdTime>2020-05-14 13:31:44 UTC</createdTime>
<generatorID>3442059A-4E79-8064-9996-DA656E45DF43</generatorID>
<ownerDesignName>semestral_last</ownerDesignName>
<useDomainConstraints>false</useDomainConstraints>
<use>1</use>
<logicalDatatype>LOGDT011</logicalDatatype>
<ownDataTypeParameters>,,</ownDataTypeParameters>
<autoIncrementCycle>false</autoIncrementCycle>
</Column>
<Column name="id_tournament" id="326A1F14-0083-D93F-9313-EA29B21765F7">
<createdBy>golyt</createdBy>
<createdTime>2020-05-14 13:31:44 UTC</createdTime>
<generatorID>0B9B2274-7801-19AB-6770-F2CB4B4DA595</generatorID>
<ownerDesignName>semestral_last</ownerDesignName>
<useDomainConstraints>false</useDomainConstraints>
<use>1</use>
<logicalDatatype>LOGDT011</logicalDatatype>
<ownDataTypeParameters>,,</ownDataTypeParameters>
<previousColumn>false</previousColumn>
<autoIncrementCycle>false</autoIncrementCycle>
<associations>
<colAssociation fkAssociation="F09B6A70-EC37-1CFC-CF48-190268F1EF92" referredColumn="D9E87569-6BB3-E028-B6F9-47165254BE22"/>
</associations>
</Column>
<Column name="empl_type" id="04F291E7-155C-5E56-6663-6CBB5F93C437">
<createdBy>golyt</createdBy>
<createdTime>2020-05-14 13:37:15 UTC</createdTime>
<ownerDesignName>semestral_last</ownerDesignName>
<nullsAllowed>true</nullsAllowed>
<useDomainConstraints>false</useDomainConstraints>
<use>1</use>
<logicalDatatype>LOGDT024</logicalDatatype>
<dataTypeSize>11 CHAR</dataTypeSize>
<ownDataTypeParameters>11 CHAR,,</ownDataTypeParameters>
<autoIncrementCycle>false</autoIncrementCycle>
</Column>
<Column name="salary" id="1D0FD8E1-49FB-1C7E-6B46-E42180F174D2">
<createdBy>golyt</createdBy>
<createdTime>2020-05-15 18:35:10 UTC</createdTime>
<ownerDesignName>semestral_last</ownerDesignName>
<nullsAllowed>true</nullsAllowed>
<useDomainConstraints>false</useDomainConstraints>
<use>1</use>
<logicalDatatype>LOGDT011</logicalDatatype>
<ownDataTypeParameters>,,</ownDataTypeParameters>
<autoIncrementCycle>false</autoIncrementCycle>
</Column>
</columns>
<indexes itemClass="oracle.dbtools.crest.model.design.relational.Index">
<ind_PK_UK id="E2C953C9-0B43-81C0-57C4-ACD509E861B1" name="Employee_PK">
<createdBy>golyt</createdBy>
<createdTime>2020-05-14 13:31:44 UTC</createdTime>
<generatorID>016EA202-CBF7-71BC-C7B0-31F0B5AE6A3A</generatorID>
<ownerDesignName>semestral_last</ownerDesignName>
<pk>true</pk>
<indexState>Primary Constraint</indexState>
<isSurrogateKey>false</isSurrogateKey>
<indexColumnUsage>
<colUsage columnID="C37D62CD-FE52-1CEE-0505-22B8B9777964"/>
</indexColumnUsage>
</ind_PK_UK>
<ind_PK_UK id="9545CBBD-D8D0-16EA-9F21-45662D0008B0" name="Employee_Tournament_FK">
<createdBy>golyt</createdBy>
<createdTime>2020-05-14 13:31:44 UTC</createdTime>
<generatorID>4B7A791A-0625-3AB4-C856-F7FBBCFF047C</generatorID>
<ownerDesignName>semestral_last</ownerDesignName>
<indexState>Foreign Key</indexState>
<isSurrogateKey>false</isSurrogateKey>
<indexColumnUsage>
<colUsage columnID="326A1F14-0083-D93F-9313-EA29B21765F7"/>
</indexColumnUsage>
</ind_PK_UK>
</indexes>
</Table>