<?xml version = '1.0' encoding = 'UTF-8'?>
<Table class="oracle.dbtools.crest.model.design.relational.Table" directorySegmentName="seg_0" id="7B0E941C-5285-3565-86E8-61E4F63D62C7" name="Active">
<createdBy>golyt</createdBy>
<createdTime>2020-05-14 13:31:44 UTC</createdTime>
<generatorID>A01BA2A8-CF51-84D5-F229-00E417C26819</generatorID>
<ownerDesignName>semestral_last</ownerDesignName>
<allowColumnReorder>false</allowColumnReorder>
<existDependencyGenerateInDDl>true</existDependencyGenerateInDDl>
<parsed>true</parsed>
<columns itemClass="oracle.dbtools.crest.model.design.relational.Column">
<Column name="id_player" id="49A25944-21CC-F190-62FC-D72CE87C30C5">
<createdBy>golyt</createdBy>
<createdTime>2020-05-14 13:31:44 UTC</createdTime>
<generatorID>5A76A246-9A73-9537-427E-E1125825F29E</generatorID>
<ownerDesignName>semestral_last</ownerDesignName>
<useDomainConstraints>false</useDomainConstraints>
<use>1</use>
<logicalDatatype>LOGDT011</logicalDatatype>
<ownDataTypeParameters>,,</ownDataTypeParameters>
<autoIncrementCycle>false</autoIncrementCycle>
<associations>
<colAssociation fkAssociation="889C0E95-6F4C-9398-9EF4-03E53C96A5D7" referredColumn="90FF379E-A462-3CFD-92DE-EA8F6002D7DA"/>
</associations>
</Column>
<Column name="from" id="C05CD05F-683D-6B7C-5F87-0783366A7A11">
<createdBy>golyt</createdBy>
<createdTime>2020-05-14 13:31:44 UTC</createdTime>
<generatorID>E3EDCD6C-416D-34E2-F9FB-75485A9AA1BD</generatorID>
<ownerDesignName>semestral_last</ownerDesignName>
<useDomainConstraints>false</useDomainConstraints>
<use>1</use>
<logicalDatatype>LOGDT007</logicalDatatype>
<ownDataTypeParameters>,,</ownDataTypeParameters>
<autoIncrementCycle>false</autoIncrementCycle>
</Column>
</columns>
<indexes itemClass="oracle.dbtools.crest.model.design.relational.Index">
<ind_PK_UK id="EEE0E39C-C21B-3530-E61A-9816EDF57E3C" name="Active_PK">
<createdBy>golyt</createdBy>
<createdTime>2020-05-14 13:31:44 UTC</createdTime>
<generatorID>2EFAD9DF-5280-952A-CF34-771E4829F3FA</generatorID>
<ownerDesignName>semestral_last</ownerDesignName>
<pk>true</pk>
<indexState>Primary Constraint</indexState>
<isSurrogateKey>false</isSurrogateKey>
<indexColumnUsage>
<colUsage columnID="49A25944-21CC-F190-62FC-D72CE87C30C5"/>
</indexColumnUsage>
</ind_PK_UK>
<ind_PK_UK id="4C069975-1B16-E40B-DABB-533C29393C17" name="Active_Player_FK">
<createdBy>golyt</createdBy>
<createdTime>2020-05-14 13:31:44 UTC</createdTime>
<generatorID>15CCFA2B-6148-2743-4B89-8CF80E9A855B</generatorID>
<ownerDesignName>semestral_last</ownerDesignName>
<indexState>Foreign Key</indexState>
<isSurrogateKey>false</isSurrogateKey>
<indexColumnUsage>
<colUsage columnID="49A25944-21CC-F190-62FC-D72CE87C30C5"/>
</indexColumnUsage>
</ind_PK_UK>
</indexes>
</Table>