<?xml version = '1.0' encoding = 'UTF-8'?>
<Table class="oracle.dbtools.crest.model.design.relational.Table" directorySegmentName="seg_0" id="90D3C879-2890-6022-8295-495D9CB03FEF" name="Analyst">
<createdBy>golyt</createdBy>
<createdTime>2020-05-14 13:31:44 UTC</createdTime>
<generatorID>6436DCFF-50EC-FC74-3D91-E74564FCA9E0</generatorID>
<ownerDesignName>semestral_last</ownerDesignName>
<allowColumnReorder>false</allowColumnReorder>
<existDependencyGenerateInDDl>true</existDependencyGenerateInDDl>
<parsed>true</parsed>
<columns itemClass="oracle.dbtools.crest.model.design.relational.Column">
<Column name="field" id="1483A030-06FE-62E5-4CC0-FA618E7CB982">
<createdBy>golyt</createdBy>
<createdTime>2020-05-14 13:31:44 UTC</createdTime>
<generatorID>828D3C1B-43AD-225C-FDC8-D7D6043E9975</generatorID>
<ownerDesignName>semestral_last</ownerDesignName>
<useDomainConstraints>false</useDomainConstraints>
<use>1</use>
<logicalDatatype>LOGDT024</logicalDatatype>
<dataTypeSize>30</dataTypeSize>
<ownDataTypeParameters>30,,</ownDataTypeParameters>
<autoIncrementCycle>false</autoIncrementCycle>
</Column>
<Column name="id_employee" id="C1CDAF35-7E01-D4BE-9527-4744D75EAF89">
<createdBy>golyt</createdBy>
<createdTime>2020-05-14 13:31:44 UTC</createdTime>
<generatorID>8F1A6236-B188-1D3F-E00E-084AB9126BF5</generatorID>
<ownerDesignName>semestral_last</ownerDesignName>
<useDomainConstraints>false</useDomainConstraints>
<use>1</use>
<logicalDatatype>LOGDT011</logicalDatatype>
<ownDataTypeParameters>,,</ownDataTypeParameters>
<previousColumn>false</previousColumn>
<autoIncrementCycle>false</autoIncrementCycle>
<associations>
<colAssociation fkAssociation="042AF5CB-F891-1341-CBEC-E06C6331E66A" referredColumn="C37D62CD-FE52-1CEE-0505-22B8B9777964"/>
</associations>
</Column>
</columns>
<indexes itemClass="oracle.dbtools.crest.model.design.relational.Index">
<ind_PK_UK id="C05F8686-EDCF-989A-E9CE-ECE4746C6D53" name="Analyst_PK">
<createdBy>golyt</createdBy>
<createdTime>2020-05-14 13:31:44 UTC</createdTime>
<generatorID>D21B1FFB-006A-4044-5309-1ECACD615741</generatorID>
<ownerDesignName>semestral_last</ownerDesignName>
<pk>true</pk>
<indexState>Primary Constraint</indexState>
<isSurrogateKey>false</isSurrogateKey>
<indexColumnUsage>
<colUsage columnID="C1CDAF35-7E01-D4BE-9527-4744D75EAF89"/>
</indexColumnUsage>
</ind_PK_UK>
<ind_PK_UK id="C2D0FA1B-EA27-61F0-AA4D-E1CD64BB083B" name="Analyst_Employee_FK">
<createdBy>golyt</createdBy>
<createdTime>2020-05-14 13:31:44 UTC</createdTime>
<generatorID>67B527AA-864D-054F-1B39-79EBC9398B25</generatorID>
<ownerDesignName>semestral_last</ownerDesignName>
<indexState>Foreign Key</indexState>
<isSurrogateKey>false</isSurrogateKey>
<indexColumnUsage>
<colUsage columnID="C1CDAF35-7E01-D4BE-9527-4744D75EAF89"/>
</indexColumnUsage>
</ind_PK_UK>
</indexes>
</Table>