<?xml version = '1.0' encoding = 'UTF-8'?>
<Table class="oracle.dbtools.crest.model.design.relational.Table" directorySegmentName="seg_0" id="C2A577B0-981F-2203-93F9-668CF3B806B7" name="Result">
<createdBy>golyt</createdBy>
<createdTime>2020-05-14 13:31:44 UTC</createdTime>
<generatorID>3222736B-688B-AB01-056A-1B6307701F65</generatorID>
<ownerDesignName>semestral_last</ownerDesignName>
<allowColumnReorder>false</allowColumnReorder>
<existDependencyGenerateInDDl>true</existDependencyGenerateInDDl>
<parsed>true</parsed>
<columns itemClass="oracle.dbtools.crest.model.design.relational.Column">
<Column name="id_result" id="8A1A1CF1-4855-6602-F005-9A88BE04F036">
<createdBy>golyt</createdBy>
<createdTime>2020-05-14 13:31:44 UTC</createdTime>
<generatorID>68985103-BC2B-7545-768B-47B53C74C791</generatorID>
<ownerDesignName>semestral_last</ownerDesignName>
<useDomainConstraints>false</useDomainConstraints>
<use>1</use>
<logicalDatatype>LOGDT011</logicalDatatype>
<ownDataTypeParameters>,,</ownDataTypeParameters>
<autoIncrementCycle>false</autoIncrementCycle>
</Column>
<Column name="place" id="DF88DAF1-2DF2-A988-D47F-D651DD4054F9">
<createdBy>golyt</createdBy>
<createdTime>2020-05-14 13:31:44 UTC</createdTime>
<generatorID>50C9E1FC-037D-2D7B-80FF-0C9208B73159</generatorID>
<ownerDesignName>semestral_last</ownerDesignName>
<useDomainConstraints>false</useDomainConstraints>
<use>1</use>
<logicalDatatype>LOGDT011</logicalDatatype>
<ownDataTypeParameters>,,</ownDataTypeParameters>
<autoIncrementCycle>false</autoIncrementCycle>
</Column>
<Column name="medal" id="7D81F986-C8E0-D66E-BAD4-D2AE84B16353">
<createdBy>golyt</createdBy>
<createdTime>2020-05-14 13:31:44 UTC</createdTime>
<generatorID>B028405D-BDAA-72A0-E4D5-46592FB49467</generatorID>
<ownerDesignName>semestral_last</ownerDesignName>
<nullsAllowed>true</nullsAllowed>
<useDomainConstraints>false</useDomainConstraints>
<use>1</use>
<logicalDatatype>LOGDT024</logicalDatatype>
<dataTypeSize>15</dataTypeSize>
<ownDataTypeParameters>15,,</ownDataTypeParameters>
<autoIncrementCycle>false</autoIncrementCycle>
</Column>
<Column name="id_tournament" id="F55A5CBF-08D5-A655-BC3F-7290DB2A9961">
<createdBy>golyt</createdBy>
<createdTime>2020-05-14 13:31:44 UTC</createdTime>
<generatorID>E8DBD2C3-B4CB-1E6F-8B00-252926820C80</generatorID>
<ownerDesignName>semestral_last</ownerDesignName>
<useDomainConstraints>false</useDomainConstraints>
<use>1</use>
<logicalDatatype>LOGDT011</logicalDatatype>
<ownDataTypeParameters>,,</ownDataTypeParameters>
<previousColumn>false</previousColumn>
<autoIncrementCycle>false</autoIncrementCycle>
<associations>
<colAssociation fkAssociation="73689D30-4A37-6116-7CBC-5184B50F443B" referredColumn="D9E87569-6BB3-E028-B6F9-47165254BE22"/>
</associations>
</Column>
<Column name="id_team" id="AC06B99C-7B44-CA37-256A-50B219A09081">
<createdBy>golyt</createdBy>
<createdTime>2020-05-14 13:31:44 UTC</createdTime>
<generatorID>38D708B9-17F3-EA83-4CF0-64B3BC13BE95</generatorID>
<ownerDesignName>semestral_last</ownerDesignName>
<useDomainConstraints>false</useDomainConstraints>
<use>1</use>
<logicalDatatype>LOGDT011</logicalDatatype>
<ownDataTypeParameters>,,</ownDataTypeParameters>
<previousColumn>false</previousColumn>
<autoIncrementCycle>false</autoIncrementCycle>
<associations>
<colAssociation fkAssociation="01C8C8CC-87F0-4124-640E-83526FE502D7" referredColumn="9528AFC1-8679-C5B5-99E1-864DB8122DE6"/>
</associations>
</Column>
</columns>
<indexes itemClass="oracle.dbtools.crest.model.design.relational.Index">
<ind_PK_UK id="4F18FA2F-46BA-DD06-BEE7-6E24AA50108A" name="Result_PK">
<createdBy>golyt</createdBy>
<createdTime>2020-05-14 13:31:44 UTC</createdTime>
<generatorID>A1DAD724-D755-02AA-21CC-89DDF507F3AE</generatorID>
<ownerDesignName>semestral_last</ownerDesignName>
<pk>true</pk>
<indexState>Primary Constraint</indexState>
<isSurrogateKey>false</isSurrogateKey>
<indexColumnUsage>
<colUsage columnID="8A1A1CF1-4855-6602-F005-9A88BE04F036"/>
</indexColumnUsage>
</ind_PK_UK>
<ind_PK_UK id="DB0AD01C-C03D-CCD5-EDE9-809EDA0B8DC0" name="Result_Tournament_FK">
<createdBy>golyt</createdBy>
<createdTime>2020-05-14 13:31:44 UTC</createdTime>
<generatorID>5E94805A-0D87-D44F-1E8C-2B12871AA3DE</generatorID>
<ownerDesignName>semestral_last</ownerDesignName>
<indexState>Foreign Key</indexState>
<isSurrogateKey>false</isSurrogateKey>
<indexColumnUsage>
<colUsage columnID="F55A5CBF-08D5-A655-BC3F-7290DB2A9961"/>
</indexColumnUsage>
</ind_PK_UK>
<ind_PK_UK id="7A57CA9B-61FF-E1A3-198A-7D53FB8C6B53" name="Result_Team_FK">
<createdBy>golyt</createdBy>
<createdTime>2020-05-14 13:31:44 UTC</createdTime>
<generatorID>7104E329-29C1-CC6E-DF5B-164D58110E62</generatorID>
<ownerDesignName>semestral_last</ownerDesignName>
<indexState>Foreign Key</indexState>
<isSurrogateKey>false</isSurrogateKey>
<indexColumnUsage>
<colUsage columnID="AC06B99C-7B44-CA37-256A-50B219A09081"/>
</indexColumnUsage>
</ind_PK_UK>
</indexes>
</Table>