<?xml version = '1.0' encoding = 'UTF-8'?>
<Table class="oracle.dbtools.crest.model.design.relational.Table" directorySegmentName="seg_0" id="E6B73A89-EFE8-ADB7-189F-44633487E392" name="Sponsors">
<createdBy>golyt</createdBy>
<createdTime>2020-05-14 13:31:44 UTC</createdTime>
<ownerDesignName>semestral_last</ownerDesignName>
<ordsAlias>relation_12</ordsAlias>
<allowColumnReorder>false</allowColumnReorder>
<existDependencyGenerateInDDl>true</existDependencyGenerateInDDl>
<parsed>true</parsed>
<columns itemClass="oracle.dbtools.crest.model.design.relational.Column">
<Column name="id_team" id="0BEA3EF6-8E94-16DF-B3A7-C47460B4C097">
<createdBy>golyt</createdBy>
<createdTime>2020-05-14 13:31:44 UTC</createdTime>
<ownerDesignName>semestral_last</ownerDesignName>
<useDomainConstraints>false</useDomainConstraints>
<use>1</use>
<logicalDatatype>LOGDT011</logicalDatatype>
<ownDataTypeParameters>,,</ownDataTypeParameters>
<previousColumn>false</previousColumn>
<autoIncrementCycle>false</autoIncrementCycle>
<associations>
<colAssociation fkAssociation="710D2614-5346-D614-574D-5BB98AA6E63B" referredColumn="9528AFC1-8679-C5B5-99E1-864DB8122DE6"/>
</associations>
</Column>
<Column name="id_sponsor" id="2E88AF2E-9A00-6281-DA15-F17C92BDE481">
<createdBy>golyt</createdBy>
<createdTime>2020-05-14 13:31:44 UTC</createdTime>
<ownerDesignName>semestral_last</ownerDesignName>
<useDomainConstraints>false</useDomainConstraints>
<use>1</use>
<logicalDatatype>LOGDT011</logicalDatatype>
<ownDataTypeParameters>,,</ownDataTypeParameters>
<previousColumn>false</previousColumn>
<autoIncrementCycle>false</autoIncrementCycle>
<associations>
<colAssociation fkAssociation="A3C658CF-5E51-88F0-CB4C-ABDEB9DAC224" referredColumn="6F356256-23AE-7C48-27B3-E4AC9178FBA7"/>
</associations>
</Column>
</columns>
<indexes itemClass="oracle.dbtools.crest.model.design.relational.Index">
<ind_PK_UK id="93BC01D6-0F5B-0128-F5AC-219CD4D0C0D1" name="Relation_12_PK">
<createdBy>golyt</createdBy>
<createdTime>2020-05-14 13:31:44 UTC</createdTime>
<ownerDesignName>semestral_last</ownerDesignName>
<pk>true</pk>
<indexState>Primary Constraint</indexState>
<isSurrogateKey>false</isSurrogateKey>
<indexColumnUsage>
<colUsage columnID="0BEA3EF6-8E94-16DF-B3A7-C47460B4C097"/>
<colUsage columnID="2E88AF2E-9A00-6281-DA15-F17C92BDE481"/>
</indexColumnUsage>
</ind_PK_UK>
<ind_PK_UK id="9B576EC1-B6E4-7450-A6CD-DF02AD7DAB0A" name="Relation_12_Team_FK">
<createdBy>golyt</createdBy>
<createdTime>2020-05-14 13:31:44 UTC</createdTime>
<generatorID>0D09DCCC-7027-D730-039C-A55186D9DD67</generatorID>
<ownerDesignName>semestral_last</ownerDesignName>
<indexState>Foreign Key</indexState>
<isSurrogateKey>false</isSurrogateKey>
<indexColumnUsage>
<colUsage columnID="0BEA3EF6-8E94-16DF-B3A7-C47460B4C097"/>
</indexColumnUsage>
</ind_PK_UK>
<ind_PK_UK id="02E43334-29C3-FE7D-B885-96BDCA2B49C3" name="Relation_12_Sponsor_FK">
<createdBy>golyt</createdBy>
<createdTime>2020-05-14 13:31:44 UTC</createdTime>
<generatorID>0D09DCCC-7027-D730-039C-A55186D9DD67</generatorID>
<ownerDesignName>semestral_last</ownerDesignName>
<indexState>Foreign Key</indexState>
<isSurrogateKey>false</isSurrogateKey>
<indexColumnUsage>
<colUsage columnID="2E88AF2E-9A00-6281-DA15-F17C92BDE481"/>
</indexColumnUsage>
</ind_PK_UK>
</indexes>
</Table>