<?xml version = '1.0' encoding = 'UTF-8'?>
<Table class="oracle.dbtools.crest.model.design.relational.Table" directorySegmentName="seg_0" id="F6CE2F55-0CE0-74EC-156E-01EB11079A31" name="City">
<createdBy>golyt</createdBy>
<createdTime>2020-05-14 13:31:44 UTC</createdTime>
<generatorID>92FFD328-2E8A-9929-45A5-07276ACEA8EB</generatorID>
<ownerDesignName>semestral_last</ownerDesignName>
<allowColumnReorder>false</allowColumnReorder>
<existDependencyGenerateInDDl>true</existDependencyGenerateInDDl>
<parsed>true</parsed>
<columns itemClass="oracle.dbtools.crest.model.design.relational.Column">
<Column name="id_city" id="7525FF8D-0E9F-1DAE-0FE2-92571C16D062">
<createdBy>golyt</createdBy>
<createdTime>2020-05-14 13:31:44 UTC</createdTime>
<generatorID>35CF776D-9619-29E1-F8AE-D97C8AD3EC71</generatorID>
<ownerDesignName>semestral_last</ownerDesignName>
<useDomainConstraints>false</useDomainConstraints>
<use>1</use>
<logicalDatatype>LOGDT011</logicalDatatype>
<ownDataTypeParameters>,,</ownDataTypeParameters>
<autoIncrementCycle>false</autoIncrementCycle>
</Column>
<Column name="name" id="B659D28F-A3FF-349A-B425-1E0230C1E513">
<createdBy>golyt</createdBy>
<createdTime>2020-05-14 13:31:44 UTC</createdTime>
<generatorID>057093D5-4DC1-7CC7-81E4-04432CA4CE11</generatorID>
<ownerDesignName>semestral_last</ownerDesignName>
<useDomainConstraints>false</useDomainConstraints>
<use>1</use>
<logicalDatatype>LOGDT024</logicalDatatype>
<dataTypeSize>20</dataTypeSize>
<ownDataTypeParameters>20,,</ownDataTypeParameters>
<autoIncrementCycle>false</autoIncrementCycle>
</Column>
<Column name="id_country" id="4516100D-1873-1FF3-5924-3D43019CE19A">
<createdBy>golyt</createdBy>
<createdTime>2020-05-14 13:31:44 UTC</createdTime>
<generatorID>9D671B4C-7C2B-9D6D-FAED-6259C38EC9D6</generatorID>
<ownerDesignName>semestral_last</ownerDesignName>
<useDomainConstraints>false</useDomainConstraints>
<use>1</use>
<logicalDatatype>LOGDT011</logicalDatatype>
<ownDataTypeParameters>,,</ownDataTypeParameters>
<previousColumn>false</previousColumn>
<autoIncrementCycle>false</autoIncrementCycle>
<associations>
<colAssociation fkAssociation="6F258EF8-FC75-D0BA-9D71-6E969FEDD691" referredColumn="C17EED6F-B88F-4D66-33BA-CCDB0F262E77"/>
</associations>
</Column>
</columns>
<indexes itemClass="oracle.dbtools.crest.model.design.relational.Index">
<ind_PK_UK id="DD4433E4-C096-FA1C-9C55-91B2F67A2FDA" name="City_PK">
<createdBy>golyt</createdBy>
<createdTime>2020-05-14 13:31:44 UTC</createdTime>
<generatorID>1F039CC7-FC62-5326-3943-36111C124980</generatorID>
<ownerDesignName>semestral_last</ownerDesignName>
<pk>true</pk>
<indexState>Primary Constraint</indexState>
<isSurrogateKey>false</isSurrogateKey>
<indexColumnUsage>
<colUsage columnID="7525FF8D-0E9F-1DAE-0FE2-92571C16D062"/>
</indexColumnUsage>
</ind_PK_UK>
<ind_PK_UK id="DEF119CF-8D51-687C-E654-F563F5CF1205" name="City_Country_FK">
<createdBy>golyt</createdBy>
<createdTime>2020-05-14 13:31:44 UTC</createdTime>
<generatorID>C3F2712D-0F38-2B01-9AF2-34D6910D4EA2</generatorID>
<ownerDesignName>semestral_last</ownerDesignName>
<indexState>Foreign Key</indexState>
<isSurrogateKey>false</isSurrogateKey>
<indexColumnUsage>
<colUsage columnID="4516100D-1873-1FF3-5924-3D43019CE19A"/>
</indexColumnUsage>
</ind_PK_UK>
</indexes>
</Table>