<?xml version = '1.0' encoding = 'UTF-8'?>
<relationalModel class="oracle.dbtools.crest.model.design.relational.RelationalDesign" name="Relational_1" id="DF532354-0C09-0A27-80E3-6CEF5CCCFAB6" mainViewID="A7449DD3-3A14-1304-D44B-0F26016F3F1C">
<createdBy>golyt</createdBy>
<createdTime>2020-05-14 13:29:38 UTC</createdTime>
<ownerDesignName>semestral_new_backup</ownerDesignName>
<shouldBeOpen>true</shouldBeOpen>
<selectedRDBMSSite>32076570-2523-435C-2E92-BF29817DFF70</selectedRDBMSSite>
</relationalModel>