<?xml version = '1.0' encoding = 'UTF-8'?>
<Arc class="oracle.dbtools.crest.model.design.logical.Arc" directorySegmentName="seg_0" id="4A836198-D33D-E4FE-068F-B49274AADE4C" name="Arc_1">
<createdBy>golyt</createdBy>
<createdTime>2020-04-03 19:08:02 UTC</createdTime>
<ownerDesignName>concept1</ownerDesignName>
<engineerTo>
<item key="DF532354-0C09-0A27-80E3-6CEF5CCCFAB6" value="true"/>
</engineerTo>
<entity>6599267C-20A1-4ECB-7675-840317B9F0C8</entity>
<relations>
<relationID>117A6193-F3B7-DCB1-30FC-00150C42D37C</relationID>
<relationID>67B527AA-864D-054F-1B39-79EBC9398B25</relationID>
</relations>
</Arc>