<?xml version = '1.0' encoding = 'UTF-8'?>
<Relation class="oracle.dbtools.crest.model.design.logical.Relation" name="Relation_12" directorySegmentName="seg_0" id="0D09DCCC-7027-D730-039C-A55186D9DD67">
<createdBy>golyt</createdBy>
<createdTime>2020-04-03 18:55:25 UTC</createdTime>
<ownerDesignName>semestral_last</ownerDesignName>
<engineerTo>
<item key="DF532354-0C09-0A27-80E3-6CEF5CCCFAB6" value="true"/>
</engineerTo>
<identifying>false</identifying>
<nameOnTarget>sponsors</nameOnTarget>
<optionalSource>true</optionalSource>
<optionalTarget>true</optionalTarget>
<sourceCardinality>*</sourceCardinality>
<sourceEntity>A1DFBE86-5C89-8778-F0E5-CE791DA4DCE4</sourceEntity>
<targetCardinalityString>*</targetCardinalityString>
<targetEntity>4F63DFBF-6A3F-251F-B8EF-F7770063C567</targetEntity>
<transferable>true</transferable>
<deleteRule>NO ACTION</deleteRule>
</Relation>