<?xml version = '1.0' encoding = 'UTF-8'?>
<Relation class="oracle.dbtools.crest.model.design.logical.Relation" name="Relation_2" directorySegmentName="seg_0" id="117A6193-F3B7-DCB1-30FC-00150C42D37C">
<createdBy>golyt</createdBy>
<createdTime>2020-04-03 15:09:07 UTC</createdTime>
<ownerDesignName>semestral_last</ownerDesignName>
<engineerTo>
<item key="DF532354-0C09-0A27-80E3-6CEF5CCCFAB6" value="true"/>
</engineerTo>
<sourcePk>016EA202-CBF7-71BC-C7B0-31F0B5AE6A3A</sourcePk>
<arc>4A836198-D33D-E4FE-068F-B49274AADE4C</arc>
<identifying>true</identifying>
<nameOnSource>can be</nameOnSource>
<optionalSource>true</optionalSource>
<optionalTarget>false</optionalTarget>
<sourceCardinality>1</sourceCardinality>
<sourceEntity>6599267C-20A1-4ECB-7675-840317B9F0C8</sourceEntity>
<targetCardinalityString>1</targetCardinalityString>
<targetEntity>840C8AD9-6F3E-4866-5A1A-460B8E50F591</targetEntity>
<transferable>true</transferable>
<deleteRule>NO ACTION</deleteRule>
</Relation>