<?xml version = '1.0' encoding = 'UTF-8'?>
<Relation class="oracle.dbtools.crest.model.design.logical.Relation" name="Relation_5" directorySegmentName="seg_0" id="17293946-74FD-620F-585E-77E4BF08249E">
<createdBy>golyt</createdBy>
<createdTime>2020-04-03 15:10:57 UTC</createdTime>
<ownerDesignName>semestral_last</ownerDesignName>
<engineerTo>
<item key="DF532354-0C09-0A27-80E3-6CEF5CCCFAB6" value="true"/>
</engineerTo>
<sourcePk>1F039CC7-FC62-5326-3943-36111C124980</sourcePk>
<identifying>false</identifying>
<nameOnTarget>is in</nameOnTarget>
<optionalSource>true</optionalSource>
<optionalTarget>false</optionalTarget>
<sourceCardinality>1</sourceCardinality>
<sourceEntity>92FFD328-2E8A-9929-45A5-07276ACEA8EB</sourceEntity>
<targetCardinalityString>*</targetCardinalityString>
<targetEntity>FDFE17C2-87FC-7D19-2B87-B7B159B3F28A</targetEntity>
<transferable>true</transferable>
<deleteRule>NO ACTION</deleteRule>
</Relation>