<?xml version = '1.0' encoding = 'UTF-8'?>
<Relation class="oracle.dbtools.crest.model.design.logical.Relation" name="Relation_4" directorySegmentName="seg_0" id="30D1D71C-797F-2A66-4383-951001D7D1F2">
<createdBy>golyt</createdBy>
<createdTime>2020-04-03 15:10:48 UTC</createdTime>
<ownerDesignName>semestral_last</ownerDesignName>
<engineerTo>
<item key="DF532354-0C09-0A27-80E3-6CEF5CCCFAB6" value="true"/>
</engineerTo>
<sourcePk>ADAAC91A-84E2-2CD5-9DFE-66AD5AB9A850</sourcePk>
<identifying>false</identifying>
<nameOnTarget>takes place</nameOnTarget>
<optionalSource>true</optionalSource>
<optionalTarget>false</optionalTarget>
<sourceCardinality>1</sourceCardinality>
<sourceEntity>FDFE17C2-87FC-7D19-2B87-B7B159B3F28A</sourceEntity>
<targetCardinalityString>*</targetCardinalityString>
<targetEntity>6451AC6F-E63C-6C5B-D291-04167C0BB20C</targetEntity>
<transferable>true</transferable>
<deleteRule>NO ACTION</deleteRule>
</Relation>