<?xml version = '1.0' encoding = 'UTF-8'?>
<Relation class="oracle.dbtools.crest.model.design.logical.Relation" name="Relation_1" directorySegmentName="seg_0" id="4B7A791A-0625-3AB4-C856-F7FBBCFF047C">
<createdBy>golyt</createdBy>
<createdTime>2020-04-03 15:09:03 UTC</createdTime>
<ownerDesignName>semestral_last</ownerDesignName>
<engineerTo>
<item key="DF532354-0C09-0A27-80E3-6CEF5CCCFAB6" value="true"/>
</engineerTo>
<sourcePk>B61B158B-646B-2F1C-055E-445B49E4740A</sourcePk>
<identifying>false</identifying>
<nameOnSource>hires</nameOnSource>
<optionalSource>true</optionalSource>
<optionalTarget>false</optionalTarget>
<sourceCardinality>1</sourceCardinality>
<sourceEntity>6451AC6F-E63C-6C5B-D291-04167C0BB20C</sourceEntity>
<targetCardinalityString>*</targetCardinalityString>
<targetEntity>6599267C-20A1-4ECB-7675-840317B9F0C8</targetEntity>
<transferable>true</transferable>
<deleteRule>NO ACTION</deleteRule>
</Relation>