<?xml version = '1.0' encoding = 'UTF-8'?>
<Relation class="oracle.dbtools.crest.model.design.logical.Relation" name="Relation_14" directorySegmentName="seg_0" id="5E94805A-0D87-D44F-1E8C-2B12871AA3DE">
<createdBy>golyt</createdBy>
<createdTime>2020-04-03 18:56:05 UTC</createdTime>
<ownerDesignName>semestral_last</ownerDesignName>
<engineerTo>
<item key="DF532354-0C09-0A27-80E3-6CEF5CCCFAB6" value="true"/>
</engineerTo>
<sourcePk>B61B158B-646B-2F1C-055E-445B49E4740A</sourcePk>
<identifying>false</identifying>
<nameOnSource>has</nameOnSource>
<optionalSource>false</optionalSource>
<optionalTarget>false</optionalTarget>
<sourceCardinality>1</sourceCardinality>
<sourceEntity>6451AC6F-E63C-6C5B-D291-04167C0BB20C</sourceEntity>
<targetCardinalityString>*</targetCardinalityString>
<targetEntity>3222736B-688B-AB01-056A-1B6307701F65</targetEntity>
<transferable>true</transferable>
<deleteRule>NO ACTION</deleteRule>
</Relation>