<?xml version = '1.0' encoding = 'UTF-8'?>
<Relation class="oracle.dbtools.crest.model.design.logical.Relation" name="Relation_3" directorySegmentName="seg_0" id="67B527AA-864D-054F-1B39-79EBC9398B25">
<createdBy>golyt</createdBy>
<createdTime>2020-04-03 15:09:11 UTC</createdTime>
<ownerDesignName>semestral_last</ownerDesignName>
<engineerTo>
<item key="DF532354-0C09-0A27-80E3-6CEF5CCCFAB6" value="true"/>
</engineerTo>
<sourcePk>016EA202-CBF7-71BC-C7B0-31F0B5AE6A3A</sourcePk>
<arc>4A836198-D33D-E4FE-068F-B49274AADE4C</arc>
<identifying>true</identifying>
<nameOnSource>can be</nameOnSource>
<optionalSource>true</optionalSource>
<optionalTarget>false</optionalTarget>
<sourceCardinality>1</sourceCardinality>
<sourceEntity>6599267C-20A1-4ECB-7675-840317B9F0C8</sourceEntity>
<targetCardinalityString>1</targetCardinalityString>
<targetEntity>6436DCFF-50EC-FC74-3D91-E74564FCA9E0</targetEntity>
<transferable>true</transferable>
<deleteRule>NO ACTION</deleteRule>
</Relation>