<?xml version = '1.0' encoding = 'UTF-8'?>
<Relation class="oracle.dbtools.crest.model.design.logical.Relation" name="Relation_16" directorySegmentName="seg_0" id="7104E329-29C1-CC6E-DF5B-164D58110E62">
<createdBy>golyt</createdBy>
<createdTime>2020-04-03 19:16:18 UTC</createdTime>
<ownerDesignName>semestral_last</ownerDesignName>
<engineerTo>
<item key="DF532354-0C09-0A27-80E3-6CEF5CCCFAB6" value="true"/>
</engineerTo>
<sourcePk>3B946D6D-E599-F662-98D5-576ED4BADB5A</sourcePk>
<identifying>false</identifying>
<nameOnTarget>has</nameOnTarget>
<optionalSource>true</optionalSource>
<optionalTarget>false</optionalTarget>
<sourceCardinality>1</sourceCardinality>
<sourceEntity>A1DFBE86-5C89-8778-F0E5-CE791DA4DCE4</sourceEntity>
<targetCardinalityString>*</targetCardinalityString>
<targetEntity>3222736B-688B-AB01-056A-1B6307701F65</targetEntity>
<transferable>true</transferable>
<deleteRule>NO ACTION</deleteRule>
</Relation>