<?xml version = '1.0' encoding = 'UTF-8'?>
<Relation class="oracle.dbtools.crest.model.design.logical.Relation" name="Relation_7" directorySegmentName="seg_0" id="8A59DFE8-E3B1-4596-8B78-5B42BF300215">
<createdBy>golyt</createdBy>
<createdTime>2020-04-03 18:53:00 UTC</createdTime>
<ownerDesignName>semestral_last</ownerDesignName>
<engineerTo>
<item key="DF532354-0C09-0A27-80E3-6CEF5CCCFAB6" value="true"/>
</engineerTo>
<sourcePk>3B946D6D-E599-F662-98D5-576ED4BADB5A</sourcePk>
<identifying>false</identifying>
<nameOnTarget>playing for</nameOnTarget>
<optionalSource>true</optionalSource>
<optionalTarget>true</optionalTarget>
<sourceCardinality>1</sourceCardinality>
<sourceEntity>A1DFBE86-5C89-8778-F0E5-CE791DA4DCE4</sourceEntity>
<targetCardinalityString>*</targetCardinalityString>
<targetEntity>8947B0B4-5B56-8825-4788-ADF0C7E9E92B</targetEntity>
<transferable>true</transferable>
<deleteRule>NO ACTION</deleteRule>
</Relation>