<?xml version = '1.0' encoding = 'UTF-8'?>
<Relation class="oracle.dbtools.crest.model.design.logical.Relation" name="Relation_6" directorySegmentName="seg_0" id="C3F2712D-0F38-2B01-9AF2-34D6910D4EA2">
<createdBy>golyt</createdBy>
<createdTime>2020-04-03 15:11:00 UTC</createdTime>
<ownerDesignName>semestral_last</ownerDesignName>
<engineerTo>
<item key="DF532354-0C09-0A27-80E3-6CEF5CCCFAB6" value="true"/>
</engineerTo>
<sourcePk>CA795C0A-5666-87BF-CC80-9E1DDE03DFEB</sourcePk>
<identifying>false</identifying>
<nameOnTarget>is in</nameOnTarget>
<optionalSource>true</optionalSource>
<optionalTarget>false</optionalTarget>
<sourceCardinality>1</sourceCardinality>
<sourceEntity>595696D7-A694-20A3-16EF-2A1EEA58F88D</sourceEntity>
<targetCardinalityString>*</targetCardinalityString>
<targetEntity>92FFD328-2E8A-9929-45A5-07276ACEA8EB</targetEntity>
<transferable>true</transferable>
<deleteRule>NO ACTION</deleteRule>
</Relation>