<?xml version = '1.0' encoding = 'UTF-8'?>
<Relation class="oracle.dbtools.crest.model.design.logical.Relation" name="Relation_8" directorySegmentName="seg_0" id="CFACD969-9A7D-28D8-813E-5B3B9DF6B81D">
<createdBy>golyt</createdBy>
<createdTime>2020-04-03 18:53:07 UTC</createdTime>
<ownerDesignName>semestral_last</ownerDesignName>
<engineerTo>
<item key="DF532354-0C09-0A27-80E3-6CEF5CCCFAB6" value="true"/>
</engineerTo>
<sourcePk>3B946D6D-E599-F662-98D5-576ED4BADB5A</sourcePk>
<identifying>false</identifying>
<nameOnTarget>trains</nameOnTarget>
<optionalSource>true</optionalSource>
<optionalTarget>false</optionalTarget>
<sourceCardinality>1</sourceCardinality>
<sourceEntity>A1DFBE86-5C89-8778-F0E5-CE791DA4DCE4</sourceEntity>
<targetCardinalityString>*</targetCardinalityString>
<targetEntity>49B77FB8-7F9E-74AD-629E-4083F43D4D7E</targetEntity>
<transferable>true</transferable>
<deleteRule>NO ACTION</deleteRule>
</Relation>