<?xml version = '1.0' encoding = 'UTF-8'?>
<FKArc class="oracle.dbtools.crest.model.design.relational.FKArc" directorySegmentName="seg_0" id="3AECF221-D1CC-3F92-5866-7B66A9400F74" name="Arc_1">
<createdBy>golyt</createdBy>
<createdTime>2020-05-14 13:31:44 UTC</createdTime>
<ownerDesignName>semestral_new_backup</ownerDesignName>
<mandatory>false</mandatory>
<reverseArc>true</reverseArc>
<table>60C4AAB1-A7DF-EBCC-0F64-F1E9AFF1A6E5</table>
<discriminatorColumn>04F291E7-155C-5E56-6663-6CBB5F93C437</discriminatorColumn>
<fkeys>
<fkeyID>0C4ABE1B-E062-F350-295B-3FBE93BEC65A</fkeyID>
<fkeyID>042AF5CB-F891-1341-CBEC-E06C6331E66A</fkeyID>
</fkeys>
</FKArc>