<?xml version = '1.0' encoding = 'UTF-8'?>
<FKArc class="oracle.dbtools.crest.model.design.relational.FKArc" directorySegmentName="seg_0" id="616E6BD7-4518-DED7-E2A3-BBD8F8662E7D" name="FKArc_1">
<createdBy>golyt</createdBy>
<createdTime>2020-05-14 13:31:44 UTC</createdTime>
<ownerDesignName>semestral_new_backup</ownerDesignName>
<mandatory>true</mandatory>
<reverseArc>true</reverseArc>
<table>569B7066-B96C-B717-9902-5C67F9971082</table>
<discriminatorColumn>95BA24F3-55DF-595D-8B75-8669490AA6A2</discriminatorColumn>
<fkeys>
<fkeyID>889C0E95-6F4C-9398-9EF4-03E53C96A5D7</fkeyID>
<fkeyID>1160BA02-0570-78B1-769D-EBB3F0C10BFC</fkeyID>
</fkeys>
</FKArc>