<?xml version = '1.0' encoding = 'UTF-8'?>
<Entity class="oracle.dbtools.crest.model.design.logical.Entity" directorySegmentName="seg_0" id="3222736B-688B-AB01-056A-1B6307701F65" name="Result">
<createdBy>golyt</createdBy>
<createdTime>2020-04-03 15:11:40 UTC</createdTime>
<ownerDesignName>semestral_last</ownerDesignName>
<engineerTo>
<item key="DF532354-0C09-0A27-80E3-6CEF5CCCFAB6" value="true"/>
</engineerTo>
<adequatelyNormalized>NO</adequatelyNormalized>
<expectedVolumes>0</expectedVolumes>
<fwdEngineeringStrategyName>Single Table</fwdEngineeringStrategyName>
<growthPercent>0</growthPercent>
<growthType>Year</growthType>
<maxVolumes>9999999</maxVolumes>
<minVolumes>0</minVolumes>
<normalForm>Third</normalForm>
<attributes itemClass="oracle.dbtools.crest.model.design.logical.Attribute">
<Attribute name="id_result" id="68985103-BC2B-7545-768B-47B53C74C791">
<createdBy>golyt</createdBy>
<createdTime>2020-04-03 15:12:14 UTC</createdTime>
<ownerDesignName>semestral_last</ownerDesignName>
<engineerTo>
<item key="DF532354-0C09-0A27-80E3-6CEF5CCCFAB6" value="true"/>
</engineerTo>
<useDomainConstraints>false</useDomainConstraints>
<use>1</use>
<logicalDatatype>LOGDT011</logicalDatatype>
<ownDataTypeParameters>,,</ownDataTypeParameters>
</Attribute>
<Attribute name="place" id="50C9E1FC-037D-2D7B-80FF-0C9208B73159">
<createdBy>golyt</createdBy>
<createdTime>2020-04-03 15:12:23 UTC</createdTime>
<ownerDesignName>semestral_last</ownerDesignName>
<engineerTo>
<item key="DF532354-0C09-0A27-80E3-6CEF5CCCFAB6" value="true"/>
</engineerTo>
<useDomainConstraints>false</useDomainConstraints>
<use>1</use>
<logicalDatatype>LOGDT011</logicalDatatype>
<ownDataTypeParameters>,,</ownDataTypeParameters>
</Attribute>
<Attribute name="medal" id="B028405D-BDAA-72A0-E4D5-46592FB49467">
<createdBy>golyt</createdBy>
<createdTime>2020-04-03 15:12:23 UTC</createdTime>
<ownerDesignName>semestral_last</ownerDesignName>
<engineerTo>
<item key="DF532354-0C09-0A27-80E3-6CEF5CCCFAB6" value="true"/>
</engineerTo>
<nullsAllowed>true</nullsAllowed>
<useDomainConstraints>false</useDomainConstraints>
<use>1</use>
<logicalDatatype>LOGDT024</logicalDatatype>
<dataTypeSize>15</dataTypeSize>
<ownDataTypeParameters>15,,</ownDataTypeParameters>
</Attribute>
<Attribute name="id_tournament" id="E8DBD2C3-B4CB-1E6F-8B00-252926820C80">
<createdBy>golyt</createdBy>
<createdTime>2020-04-03 18:56:05 UTC</createdTime>
<generatorID>5E94805A-0D87-D44F-1E8C-2B12871AA3DE</generatorID>
<ownerDesignName>semestral_last</ownerDesignName>
<engineerTo>
<item key="DF532354-0C09-0A27-80E3-6CEF5CCCFAB6" value="true"/>
</engineerTo>
<referedAttribute>A2B61073-92AD-6E44-A0BB-5686F5FBDB86</referedAttribute>
<useDomainConstraints>false</useDomainConstraints>
<use>1</use>
<logicalDatatype>LOGDT011</logicalDatatype>
<ownDataTypeParameters>,,</ownDataTypeParameters>
</Attribute>
<Attribute name="id_team" id="38D708B9-17F3-EA83-4CF0-64B3BC13BE95">
<createdBy>golyt</createdBy>
<createdTime>2020-04-03 19:16:18 UTC</createdTime>
<generatorID>7104E329-29C1-CC6E-DF5B-164D58110E62</generatorID>
<ownerDesignName>semestral_last</ownerDesignName>
<engineerTo>
<item key="DF532354-0C09-0A27-80E3-6CEF5CCCFAB6" value="true"/>
</engineerTo>
<referedAttribute>676C3C0B-D6C6-AF17-FBA2-D3A6ADF07B31</referedAttribute>
<useDomainConstraints>false</useDomainConstraints>
<use>1</use>
<logicalDatatype>LOGDT011</logicalDatatype>
<ownDataTypeParameters>,,</ownDataTypeParameters>
</Attribute>
</attributes>
<identifiers itemClass="oracle.dbtools.crest.model.design.logical.CandidateKey">
<identifier id="A1DAD724-D755-02AA-21CC-89DDF507F3AE" name="Result PK">
<createdBy>golyt</createdBy>
<createdTime>2020-04-03 15:12:53 UTC</createdTime>
<ownerDesignName>semestral_last</ownerDesignName>
<engineerTo>
<item key="DF532354-0C09-0A27-80E3-6CEF5CCCFAB6" value="true"/>
</engineerTo>
<pk>true</pk>
<usedAttributes>
<attributeRef>68985103-BC2B-7545-768B-47B53C74C791</attributeRef>
</usedAttributes>
</identifier>
</identifiers>
</Entity>