<?xml version = '1.0' encoding = 'UTF-8'?>
<Entity class="oracle.dbtools.crest.model.design.logical.Entity" directorySegmentName="seg_0" id="595696D7-A694-20A3-16EF-2A1EEA58F88D" name="Country">
<createdBy>golyt</createdBy>
<createdTime>2020-04-03 15:01:39 UTC</createdTime>
<ownerDesignName>semestral_last</ownerDesignName>
<engineerTo>
<item key="DF532354-0C09-0A27-80E3-6CEF5CCCFAB6" value="true"/>
</engineerTo>
<adequatelyNormalized>NO</adequatelyNormalized>
<expectedVolumes>0</expectedVolumes>
<fwdEngineeringStrategyName>Single Table</fwdEngineeringStrategyName>
<growthPercent>0</growthPercent>
<growthType>Year</growthType>
<maxVolumes>9999999</maxVolumes>
<minVolumes>0</minVolumes>
<normalForm>Third</normalForm>
<attributes itemClass="oracle.dbtools.crest.model.design.logical.Attribute">
<Attribute name="id_country" id="36797271-8D1A-AB39-C133-F380507F71BE">
<createdBy>golyt</createdBy>
<createdTime>2020-04-03 15:01:45 UTC</createdTime>
<ownerDesignName>semestral_last</ownerDesignName>
<engineerTo>
<item key="DF532354-0C09-0A27-80E3-6CEF5CCCFAB6" value="true"/>
</engineerTo>
<useDomainConstraints>false</useDomainConstraints>
<use>1</use>
<logicalDatatype>LOGDT011</logicalDatatype>
<ownDataTypeParameters>,,</ownDataTypeParameters>
</Attribute>
<Attribute name="name" id="459FF3FD-C06A-F8CB-EE22-6D53484A369F">
<createdBy>golyt</createdBy>
<createdTime>2020-04-03 15:01:51 UTC</createdTime>
<ownerDesignName>semestral_last</ownerDesignName>
<engineerTo>
<item key="DF532354-0C09-0A27-80E3-6CEF5CCCFAB6" value="true"/>
</engineerTo>
<useDomainConstraints>false</useDomainConstraints>
<use>1</use>
<logicalDatatype>LOGDT024</logicalDatatype>
<dataTypeSize>20</dataTypeSize>
<ownDataTypeParameters>20,,</ownDataTypeParameters>
</Attribute>
</attributes>
<identifiers itemClass="oracle.dbtools.crest.model.design.logical.CandidateKey">
<identifier id="CA795C0A-5666-87BF-CC80-9E1DDE03DFEB" name="Country PK">
<createdBy>golyt</createdBy>
<createdTime>2020-04-03 19:16:44 UTC</createdTime>
<ownerDesignName>semestral_last</ownerDesignName>
<engineerTo>
<item key="DF532354-0C09-0A27-80E3-6CEF5CCCFAB6" value="true"/>
</engineerTo>
<pk>true</pk>
<usedAttributes>
<attributeRef>36797271-8D1A-AB39-C133-F380507F71BE</attributeRef>
</usedAttributes>
</identifier>
</identifiers>
</Entity>