<?xml version = '1.0' encoding = 'UTF-8'?>
<Entity class="oracle.dbtools.crest.model.design.logical.Entity" directorySegmentName="seg_0" id="6436DCFF-50EC-FC74-3D91-E74564FCA9E0" name="Analyst">
<createdBy>golyt</createdBy>
<createdTime>2020-04-03 15:02:42 UTC</createdTime>
<ownerDesignName>semestral_last</ownerDesignName>
<engineerTo>
<item key="DF532354-0C09-0A27-80E3-6CEF5CCCFAB6" value="true"/>
</engineerTo>
<adequatelyNormalized>NO</adequatelyNormalized>
<expectedVolumes>0</expectedVolumes>
<fwdEngineeringStrategyName>Single Table</fwdEngineeringStrategyName>
<growthPercent>0</growthPercent>
<growthType>Year</growthType>
<maxVolumes>9999999</maxVolumes>
<minVolumes>0</minVolumes>
<normalForm>Third</normalForm>
<attributes itemClass="oracle.dbtools.crest.model.design.logical.Attribute">
<Attribute name="field" id="828D3C1B-43AD-225C-FDC8-D7D6043E9975">
<createdBy>golyt</createdBy>
<createdTime>2020-04-03 15:02:47 UTC</createdTime>
<ownerDesignName>semestral_last</ownerDesignName>
<engineerTo>
<item key="DF532354-0C09-0A27-80E3-6CEF5CCCFAB6" value="true"/>
</engineerTo>
<useDomainConstraints>false</useDomainConstraints>
<use>1</use>
<logicalDatatype>LOGDT024</logicalDatatype>
<dataTypeSize>30</dataTypeSize>
<ownDataTypeParameters>30,,</ownDataTypeParameters>
</Attribute>
<Attribute name="id_employee" id="8F1A6236-B188-1D3F-E00E-084AB9126BF5">
<createdBy>golyt</createdBy>
<createdTime>2020-04-03 15:09:11 UTC</createdTime>
<generatorID>67B527AA-864D-054F-1B39-79EBC9398B25</generatorID>
<ownerDesignName>semestral_last</ownerDesignName>
<engineerTo>
<item key="DF532354-0C09-0A27-80E3-6CEF5CCCFAB6" value="true"/>
</engineerTo>
<referedAttribute>D17BFD8B-A565-5C17-8625-B12CB1755C4C</referedAttribute>
<useDomainConstraints>false</useDomainConstraints>
<use>1</use>
<logicalDatatype>LOGDT011</logicalDatatype>
<ownDataTypeParameters>,,</ownDataTypeParameters>
</Attribute>
</attributes>
<identifiers itemClass="oracle.dbtools.crest.model.design.logical.CandidateKey">
<identifier id="D21B1FFB-006A-4044-5309-1ECACD615741" name="Support PK">
<createdBy>golyt</createdBy>
<createdTime>2020-04-03 19:10:31 UTC</createdTime>
<ownerDesignName>semestral_last</ownerDesignName>
<engineerTo>
<item key="DF532354-0C09-0A27-80E3-6CEF5CCCFAB6" value="true"/>
</engineerTo>
<pk>true</pk>
<usedAttributes>
<attributeRef>8F1A6236-B188-1D3F-E00E-084AB9126BF5</attributeRef>
</usedAttributes>
</identifier>
</identifiers>
</Entity>