<?xml version = '1.0' encoding = 'UTF-8'?>
<Entity class="oracle.dbtools.crest.model.design.logical.Entity" directorySegmentName="seg_0" id="840C8AD9-6F3E-4866-5A1A-460B8E50F591" name="Commentator">
<createdBy>golyt</createdBy>
<createdTime>2020-04-03 15:02:27 UTC</createdTime>
<ownerDesignName>semestral_last</ownerDesignName>
<engineerTo>
<item key="DF532354-0C09-0A27-80E3-6CEF5CCCFAB6" value="true"/>
</engineerTo>
<adequatelyNormalized>NO</adequatelyNormalized>
<expectedVolumes>0</expectedVolumes>
<fwdEngineeringStrategyName>Single Table</fwdEngineeringStrategyName>
<growthPercent>0</growthPercent>
<growthType>Year</growthType>
<maxVolumes>9999999</maxVolumes>
<minVolumes>0</minVolumes>
<normalForm>Third</normalForm>
<attributes itemClass="oracle.dbtools.crest.model.design.logical.Attribute">
<Attribute name="language" id="3E0DCAC1-7E77-FB02-1B30-4508C887AD49">
<createdBy>golyt</createdBy>
<createdTime>2020-04-03 15:02:36 UTC</createdTime>
<ownerDesignName>semestral_last</ownerDesignName>
<engineerTo>
<item key="DF532354-0C09-0A27-80E3-6CEF5CCCFAB6" value="true"/>
</engineerTo>
<useDomainConstraints>false</useDomainConstraints>
<use>1</use>
<logicalDatatype>LOGDT024</logicalDatatype>
<dataTypeSize>20</dataTypeSize>
<ownDataTypeParameters>20,,</ownDataTypeParameters>
</Attribute>
<Attribute name="id_employee" id="511F7F65-77B4-B738-2A5B-7EC656FB9B1B">
<createdBy>golyt</createdBy>
<createdTime>2020-04-03 15:09:07 UTC</createdTime>
<generatorID>117A6193-F3B7-DCB1-30FC-00150C42D37C</generatorID>
<ownerDesignName>semestral_last</ownerDesignName>
<engineerTo>
<item key="DF532354-0C09-0A27-80E3-6CEF5CCCFAB6" value="true"/>
</engineerTo>
<referedAttribute>D17BFD8B-A565-5C17-8625-B12CB1755C4C</referedAttribute>
<useDomainConstraints>false</useDomainConstraints>
<use>1</use>
<logicalDatatype>LOGDT011</logicalDatatype>
<ownDataTypeParameters>,,</ownDataTypeParameters>
</Attribute>
</attributes>
<identifiers itemClass="oracle.dbtools.crest.model.design.logical.CandidateKey">
<identifier id="CAD59D20-1E85-75DF-5146-01E416286098" name="Commentator PK">
<createdBy>golyt</createdBy>
<createdTime>2020-04-03 19:10:28 UTC</createdTime>
<ownerDesignName>semestral_last</ownerDesignName>
<engineerTo>
<item key="DF532354-0C09-0A27-80E3-6CEF5CCCFAB6" value="true"/>
</engineerTo>
<pk>true</pk>
<usedAttributes>
<attributeRef>511F7F65-77B4-B738-2A5B-7EC656FB9B1B</attributeRef>
</usedAttributes>
</identifier>
</identifiers>
</Entity>