<?xml version = '1.0' encoding = 'UTF-8'?>
<Entity class="oracle.dbtools.crest.model.design.logical.Entity" directorySegmentName="seg_0" id="A01BA2A8-CF51-84D5-F229-00E417C26819" name="Active">
<createdBy>golyt</createdBy>
<createdTime>2020-04-03 15:02:59 UTC</createdTime>
<ownerDesignName>semestral_last</ownerDesignName>
<engineerTo>
<item key="DF532354-0C09-0A27-80E3-6CEF5CCCFAB6" value="true"/>
</engineerTo>
<adequatelyNormalized>NO</adequatelyNormalized>
<expectedVolumes>0</expectedVolumes>
<fwdEngineeringStrategyName>Single Table</fwdEngineeringStrategyName>
<growthPercent>0</growthPercent>
<growthType>Year</growthType>
<hierarchicalParent>8947B0B4-5B56-8825-4788-ADF0C7E9E92B</hierarchicalParent>
<maxVolumes>9999999</maxVolumes>
<minVolumes>0</minVolumes>
<normalForm>Third</normalForm>
<attributes itemClass="oracle.dbtools.crest.model.design.logical.Attribute">
<Attribute name="from" id="E3EDCD6C-416D-34E2-F9FB-75485A9AA1BD">
<createdBy>golyt</createdBy>
<createdTime>2020-04-03 15:03:06 UTC</createdTime>
<ownerDesignName>semestral_last</ownerDesignName>
<engineerTo>
<item key="DF532354-0C09-0A27-80E3-6CEF5CCCFAB6" value="true"/>
</engineerTo>
<useDomainConstraints>false</useDomainConstraints>
<use>1</use>
<logicalDatatype>LOGDT007</logicalDatatype>
<ownDataTypeParameters>,,</ownDataTypeParameters>
</Attribute>
</attributes>
</Entity>