<?xml version = '1.0' encoding = 'UTF-8'?>
<Entity class="oracle.dbtools.crest.model.design.logical.Entity" directorySegmentName="seg_0" id="A1DFBE86-5C89-8778-F0E5-CE791DA4DCE4" name="Team">
<createdBy>golyt</createdBy>
<createdTime>2020-04-03 14:58:00 UTC</createdTime>
<ownerDesignName>semestral_last</ownerDesignName>
<engineerTo>
<item key="DF532354-0C09-0A27-80E3-6CEF5CCCFAB6" value="true"/>
</engineerTo>
<adequatelyNormalized>NO</adequatelyNormalized>
<expectedVolumes>0</expectedVolumes>
<fwdEngineeringStrategyName>Single Table</fwdEngineeringStrategyName>
<growthPercent>0</growthPercent>
<growthType>Year</growthType>
<maxVolumes>9999999</maxVolumes>
<minVolumes>0</minVolumes>
<normalForm>Third</normalForm>
<attributes itemClass="oracle.dbtools.crest.model.design.logical.Attribute">
<Attribute name="id_team" id="676C3C0B-D6C6-AF17-FBA2-D3A6ADF07B31">
<createdBy>golyt</createdBy>
<createdTime>2020-04-03 14:58:10 UTC</createdTime>
<ownerDesignName>semestral_last</ownerDesignName>
<engineerTo>
<item key="DF532354-0C09-0A27-80E3-6CEF5CCCFAB6" value="true"/>
</engineerTo>
<useDomainConstraints>false</useDomainConstraints>
<use>1</use>
<logicalDatatype>LOGDT011</logicalDatatype>
<ownDataTypeParameters>,,</ownDataTypeParameters>
</Attribute>
<Attribute name="name" id="9C025DE2-EFB3-5B59-1812-E88552E3BFD3">
<createdBy>golyt</createdBy>
<createdTime>2020-04-03 14:58:14 UTC</createdTime>
<ownerDesignName>semestral_last</ownerDesignName>
<engineerTo>
<item key="DF532354-0C09-0A27-80E3-6CEF5CCCFAB6" value="true"/>
</engineerTo>
<useDomainConstraints>false</useDomainConstraints>
<use>1</use>
<logicalDatatype>LOGDT024</logicalDatatype>
<dataTypeSize>20</dataTypeSize>
<ownDataTypeParameters>20,,</ownDataTypeParameters>
</Attribute>
<Attribute name="raiting" id="660AE3EA-EE5F-4D47-CD53-EB1B1186A1C9">
<createdBy>golyt</createdBy>
<createdTime>2020-04-03 14:58:16 UTC</createdTime>
<ownerDesignName>semestral_last</ownerDesignName>
<engineerTo>
<item key="DF532354-0C09-0A27-80E3-6CEF5CCCFAB6" value="true"/>
</engineerTo>
<nullsAllowed>true</nullsAllowed>
<useDomainConstraints>false</useDomainConstraints>
<use>1</use>
<logicalDatatype>LOGDT011</logicalDatatype>
<ownDataTypeParameters>,,</ownDataTypeParameters>
</Attribute>
</attributes>
<identifiers itemClass="oracle.dbtools.crest.model.design.logical.CandidateKey">
<identifier id="3B946D6D-E599-F662-98D5-576ED4BADB5A" name="Team PK">
<createdBy>golyt</createdBy>
<createdTime>2020-04-03 14:58:24 UTC</createdTime>
<ownerDesignName>semestral_last</ownerDesignName>
<engineerTo>
<item key="DF532354-0C09-0A27-80E3-6CEF5CCCFAB6" value="true"/>
</engineerTo>
<pk>true</pk>
<usedAttributes>
<attributeRef>676C3C0B-D6C6-AF17-FBA2-D3A6ADF07B31</attributeRef>
</usedAttributes>
</identifier>
</identifiers>
</Entity>