<?xml version = '1.0' encoding = 'UTF-8'?>
<Entity class="oracle.dbtools.crest.model.design.logical.Entity" directorySegmentName="seg_0" id="FDFE17C2-87FC-7D19-2B87-B7B159B3F28A" name="Location">
<createdBy>golyt</createdBy>
<createdTime>2020-04-03 15:00:57 UTC</createdTime>
<ownerDesignName>semestral_last</ownerDesignName>
<engineerTo>
<item key="DF532354-0C09-0A27-80E3-6CEF5CCCFAB6" value="true"/>
</engineerTo>
<adequatelyNormalized>NO</adequatelyNormalized>
<expectedVolumes>0</expectedVolumes>
<fwdEngineeringStrategyName>Single Table</fwdEngineeringStrategyName>
<growthPercent>0</growthPercent>
<growthType>Year</growthType>
<maxVolumes>9999999</maxVolumes>
<minVolumes>0</minVolumes>
<normalForm>Third</normalForm>
<attributes itemClass="oracle.dbtools.crest.model.design.logical.Attribute">
<Attribute name="id_location" id="B67FFEA6-62DF-6134-EFBD-9FE9C5F0D1AF">
<createdBy>golyt</createdBy>
<createdTime>2020-04-03 15:01:05 UTC</createdTime>
<ownerDesignName>semestral_last</ownerDesignName>
<engineerTo>
<item key="DF532354-0C09-0A27-80E3-6CEF5CCCFAB6" value="true"/>
</engineerTo>
<useDomainConstraints>false</useDomainConstraints>
<use>1</use>
<logicalDatatype>LOGDT011</logicalDatatype>
<ownDataTypeParameters>,,</ownDataTypeParameters>
</Attribute>
<Attribute name="name" id="635CD7FB-7216-AA9F-BF5A-6332CE5D7C65">
<createdBy>golyt</createdBy>
<createdTime>2020-04-03 15:01:11 UTC</createdTime>
<ownerDesignName>semestral_last</ownerDesignName>
<engineerTo>
<item key="DF532354-0C09-0A27-80E3-6CEF5CCCFAB6" value="true"/>
</engineerTo>
<useDomainConstraints>false</useDomainConstraints>
<use>1</use>
<logicalDatatype>LOGDT024</logicalDatatype>
<dataTypeSize>30</dataTypeSize>
<ownDataTypeParameters>30,,</ownDataTypeParameters>
</Attribute>
<Attribute name="id_city" id="69530C5E-8C09-49B1-35F2-FA2F9DD1A8CF">
<createdBy>golyt</createdBy>
<createdTime>2020-04-03 15:10:57 UTC</createdTime>
<generatorID>17293946-74FD-620F-585E-77E4BF08249E</generatorID>
<ownerDesignName>semestral_last</ownerDesignName>
<engineerTo>
<item key="DF532354-0C09-0A27-80E3-6CEF5CCCFAB6" value="true"/>
</engineerTo>
<referedAttribute>35CF776D-9619-29E1-F8AE-D97C8AD3EC71</referedAttribute>
<useDomainConstraints>false</useDomainConstraints>
<use>1</use>
<logicalDatatype>LOGDT011</logicalDatatype>
<ownDataTypeParameters>,,</ownDataTypeParameters>
</Attribute>
</attributes>
<identifiers itemClass="oracle.dbtools.crest.model.design.logical.CandidateKey">
<identifier id="ADAAC91A-84E2-2CD5-9DFE-66AD5AB9A850" name="Location PK">
<createdBy>golyt</createdBy>
<createdTime>2020-04-03 15:01:17 UTC</createdTime>
<ownerDesignName>semestral_last</ownerDesignName>
<engineerTo>
<item key="DF532354-0C09-0A27-80E3-6CEF5CCCFAB6" value="true"/>
</engineerTo>
<pk>true</pk>
<usedAttributes>
<attributeRef>B67FFEA6-62DF-6134-EFBD-9FE9C5F0D1AF</attributeRef>
</usedAttributes>
</identifier>
</identifiers>
</Entity>